,SnomedCTConceptId,MedCodeId,Observations,OrigReadCode,CleansedReadCode,Term.x,SnomedDescriptionId,Release,EmisCodeCategoryId,Term.y,Disease,Otherinstructions,origin,Comments
1,1055001,126301000006113,30,G63-2,G63..12,Stenosis of precerebral artery,2858018,NA,32,Stenosis of precerebral artery (disorder),Stroke - Manchester,NA,['Manchester'],ManchesterRichardWilliams_Stroke.csv
2,107557061000119008,NA,NA,NA,NA,NA,NA,NA,NA,Cerebrovascular accident due to embolism of bilateral anterior cerebral arteries (disorder),Stroke - Manchester,NA,['Manchester'],ManchesterRichardWilliams_Stroke.csv
3,1089410000000000,NA,NA,NA,NA,NA,NA,NA,NA,Cerebral infarction due to occlusion of cerebral artery (disorder),Caliber - Ischaemic Stroke,NA,['Caliber'],StrokeIschaemic_Caliber_EFI_LaurenCombined_v3.csv
4,1089411000000100,NA,NA,NA,NA,NA,NA,NA,NA,Cerebral infarction due to occlusion of cerebral artery (disorder),Stroke - Manchester,NA,['Manchester'],ManchesterRichardWilliams_Stroke.csv
5,1089420000000000,NA,NA,NA,NA,NA,NA,NA,NA,Cerebral infarction due to stenosis of cerebral artery (disorder),Caliber - Ischaemic Stroke,NA,['Caliber'],StrokeIschaemic_Caliber_EFI_LaurenCombined_v3.csv
6,1089421000000100,NA,NA,NA,NA,NA,NA,NA,NA,Cerebral infarction due to stenosis of cerebral artery (disorder),Stroke - Manchester,NA,['Manchester'],ManchesterRichardWilliams_Stroke.csv
7,111298007,4193661000006110,2,^ESCTCH419366,NA,Chronic cerebral ischemia,178529015,NA,32,Chronic cerebral ischaemia,Stroke,NA,['efi'],StrokeIschaemic_Caliber_EFI_LaurenCombined_v3.csv
8,111298007,360778011,6000,G6711,G671100,Chronic cerebral ischaemia,360778011,NA,32,Chronic cerebral ischaemia,Stroke,NA,['efi'],StrokeIschaemic_Caliber_EFI_LaurenCombined_v3.csv
9,1153543002,NA,NA,NA,NA,NA,NA,NA,NA,Occlusion of anterior cerebral artery (disorder),Stroke - Manchester,NA,['Manchester'],ManchesterRichardWilliams_Stroke.csv
10,1153544008,14451981000006116,1,^ESCT1445198,NA,Occlusion of right anterior cerebral artery,4564995013,NA,32,Occlusion of right anterior cerebral artery (disorder),Stroke - Manchester,NA,['Manchester'],ManchesterRichardWilliams_Stroke.csv
11,1153545009,14451991000006118,1,^ESCT1445199,NA,Occlusion of left anterior cerebral artery,4564996014,NA,32,Occlusion of left anterior cerebral artery (disorder),Stroke - Manchester,NA,['Manchester'],ManchesterRichardWilliams_Stroke.csv
12,1153546005,NA,NA,NA,NA,NA,NA,NA,NA,Occlusion of bilateral posterior cerebral arteries (disorder),Stroke - Manchester,NA,['Manchester'],ManchesterRichardWilliams_Stroke.csv
13,1153607003,14452581000006115,2,^ESCT1445258,NA,Occlusion of right posterior communicating artery,4565258014,NA,32,Occlusion of right posterior communicating artery (disorder),Stroke - Manchester,NA,['Manchester'],ManchesterRichardWilliams_Stroke.csv
14,1153608008,NA,NA,NA,NA,NA,NA,NA,NA,Occlusion of left posterior communicating artery (disorder),Stroke - Manchester,NA,['Manchester'],ManchesterRichardWilliams_Stroke.csv
15,1153611009,NA,NA,NA,NA,NA,NA,NA,NA,Embolism of left anterior cerebral artery (disorder),Stroke - Manchester,NA,['Manchester'],ManchesterRichardWilliams_Stroke.csv
16,1153612002,NA,NA,NA,NA,NA,NA,NA,NA,Embolism of right anterior cerebral artery (disorder),Stroke - Manchester,NA,['Manchester'],ManchesterRichardWilliams_Stroke.csv
17,1153630009,14452791000006113,1,^ESCT1445279,NA,Embolism of left carotid artery,4565400012,NA,32,Embolism of left carotid artery (disorder),Stroke - Manchester,NA,['Manchester'],ManchesterRichardWilliams_Stroke.csv
18,1153631008,14452811000006112,1,^ESCT1445281,NA,Embolism of right carotid artery,4565397015,NA,32,Embolism of right carotid artery (disorder),Stroke - Manchester,NA,['Manchester'],ManchesterRichardWilliams_Stroke.csv
19,1153632001,14452831000006118,6,^ESCT1445283,NA,Bilateral embolism of middle cerebral arteries,4565440018,NA,32,Embolism of bilateral middle cerebral arteries (disorder),Stroke - Manchester,NA,['Manchester'],ManchesterRichardWilliams_Stroke.csv
20,1153633006,NA,NA,NA,NA,NA,NA,NA,NA,Embolism of bilateral posterior cerebral arteries (disorder),Stroke - Manchester,NA,['Manchester'],ManchesterRichardWilliams_Stroke.csv
21,1153634000,NA,NA,NA,NA,NA,NA,NA,NA,Embolism of bilateral anterior cerebral arteries (disorder),Stroke - Manchester,NA,['Manchester'],ManchesterRichardWilliams_Stroke.csv
22,1153638002,NA,NA,NA,NA,NA,NA,NA,NA,Occlusion of bilateral cerebellar arteries (disorder),Stroke - Manchester,NA,['Manchester'],ManchesterRichardWilliams_Stroke.csv
23,1155688007,NA,NA,NA,NA,NA,NA,NA,NA,Embolism of bilateral carotid arteries (disorder),Stroke - Manchester,NA,['Manchester'],ManchesterRichardWilliams_Stroke.csv
24,1155689004,NA,NA,NA,NA,NA,NA,NA,NA,Embolism of bilateral cerebellar arteries (disorder),Stroke - Manchester,NA,['Manchester'],ManchesterRichardWilliams_Stroke.csv
25,1155697006,NA,NA,NA,NA,NA,NA,NA,NA,Embolism of left vertebral artery (disorder),Stroke - Manchester,NA,['Manchester'],ManchesterRichardWilliams_Stroke.csv
26,1155698001,NA,NA,NA,NA,NA,NA,NA,NA,Embolism of right vertebral artery (disorder),Stroke - Manchester,NA,['Manchester'],ManchesterRichardWilliams_Stroke.csv
27,1155699009,NA,NA,NA,NA,NA,NA,NA,NA,Embolism of bilateral vertebral arteries (disorder),Stroke - Manchester,NA,['Manchester'],ManchesterRichardWilliams_Stroke.csv
28,1156016006,14457701000006115,20,^ESCT1445770,NA,Left posterior cerebral artery thrombosis,4572073014,NA,32,Thrombosis of left posterior cerebral artery (disorder),Stroke - Manchester,NA,['Manchester'],ManchesterRichardWilliams_Stroke.csv
29,1156017002,14457721000006113,9,^ESCT1445772,NA,Right posterior cerebral artery thrombosis,4572077010,NA,32,Thrombosis of right posterior cerebral artery (disorder),Stroke - Manchester,NA,['Manchester'],ManchesterRichardWilliams_Stroke.csv
30,1156018007,14457741000006118,8,^ESCT1445774,NA,Left cerebellar artery thrombosis,4572076018,NA,32,Thrombosis of left cerebellar artery (disorder),Stroke - Manchester,NA,['Manchester'],ManchesterRichardWilliams_Stroke.csv
31,1156019004,14457761000006119,6,^ESCT1445776,NA,Right cerebellar artery thrombosis,4572078017,NA,32,Thrombosis of right cerebellar artery (disorder),Stroke - Manchester,NA,['Manchester'],ManchesterRichardWilliams_Stroke.csv
32,1156027008,14457851000006110,2,^ESCT1445785,NA,Cerebral venous sinus thrombosis in pregnancy,4571837015,NA,32,Thrombus of dural sinus in pregnancy (disorder),Stroke - Manchester,NA,['Manchester'],ManchesterRichardWilliams_Stroke.csv
33,1156029006,14457901000006117,3,^ESCT1445790,NA,Cerebral venous sinus thrombosis in puerperium,4571838013,NA,32,Thrombus of dural sinus in puerperium (disorder),Stroke - Manchester,NA,['Manchester'],ManchesterRichardWilliams_Stroke.csv
34,1163482004,NA,NA,NA,NA,NA,NA,NA,NA,Hemorrhagic cerebral infarction caused by Aspergillus (disorder),Stroke - Manchester,NA,['Manchester'],ManchesterRichardWilliams_Stroke.csv
35,117776611000119008,NA,NA,NA,NA,NA,NA,NA,NA,Cerebrovascular accident due to occlusion of left posterior communicating artery (disorder),Stroke - Manchester,NA,['Manchester'],ManchesterRichardWilliams_Stroke.csv
36,1197363004,NA,NA,NA,NA,NA,NA,NA,NA,Pediatric arterial ischemic stroke (disorder),Stroke - Manchester,NA,['Manchester'],ManchesterRichardWilliams_Stroke.csv
37,1204189004,14742481000006110,2,^ESCT1474248,NA,Asymptomatic occlusion of intracranial vertebral artery,4952563016,NA,32,Asymptomatic occlusion of intracranial vertebral artery (disorder),Stroke - Manchester,NA,['Manchester'],ManchesterRichardWilliams_Stroke.csv
38,1204202004,14742691000006111,1,^ESCT1474269,NA,Infective occlusion of cerebral artery,4953603016,NA,32,Occlusion of cerebral artery due to infection (disorder),Stroke - Manchester,NA,['Manchester'],ManchesterRichardWilliams_Stroke.csv
39,1231168008,14790901000006117,5,^ESCT1479090,NA,Malignant middle cerebral artery syndrome,5071735019,NA,32,Malignant middle cerebral artery syndrome (disorder),Stroke - Manchester,NA,['Manchester'],ManchesterRichardWilliams_Stroke.csv
40,125081000000000,NA,NA,NA,NA,NA,NA,NA,NA,"[X]Cer inf,un oc/st precer art",Caliber - Ischaemic Stroke,NA,['Caliber AND Either (efi OR Lauren_codelist)'],StrokeIschaemic_Caliber_EFI_LaurenCombined_v3.csv
41,125081000119106,370661000006114,200,Gyu6G,Gyu6G00,[X]Cereb infarct due unsp occlus/stenos precerebr arteries,3042974014,NA,32,Cerebral infarction due to occlusion of precerebral artery (disorder),Stroke - Manchester,NA,['Manchester'],ManchesterRichardWilliams_Stroke.csv
42,125081000119106,542261000006114,1000,G6W,G6W..00,Cerebral infarction due to occlusion of precerebral artery,3042974014,NA,32,Cerebral infarction due to occlusion of precerebral artery (disorder),Stroke - Manchester,NA,['Manchester'],ManchesterRichardWilliams_Stroke.csv
43,1259499007,NA,NA,NA,NA,NA,NA,NA,NA,Dementia due to hemorrhagic cerebral infarction due to hypertension (disorder),Stroke - Manchester,NA,['Manchester'],ManchesterRichardWilliams_Stroke.csv
44,1263550001,NA,NA,NA,NA,NA,NA,NA,NA,Infarction of brain due to migraine (disorder),Stroke - Manchester,NA,['Manchester'],ManchesterRichardWilliams_Stroke.csv
45,1269237007,NA,NA,NA,NA,NA,NA,NA,NA,Cerebrovascular accident due to thrombosis of anterior cerebral artery (disorder),Stroke - Manchester,NA,['Manchester'],ManchesterRichardWilliams_Stroke.csv
46,1269238002,NA,NA,NA,NA,NA,NA,NA,NA,Thrombosis of anterior cerebral artery (disorder),Stroke - Manchester,NA,['Manchester'],ManchesterRichardWilliams_Stroke.csv
47,1269239005,NA,NA,NA,NA,NA,NA,NA,NA,Thrombosis of left anterior cerebral artery (disorder),Stroke - Manchester,NA,['Manchester'],ManchesterRichardWilliams_Stroke.csv
48,1269240007,NA,NA,NA,NA,NA,NA,NA,NA,Thrombosis of right anterior cerebral artery (disorder),Stroke - Manchester,NA,['Manchester'],ManchesterRichardWilliams_Stroke.csv
49,1269243009,NA,NA,NA,NA,NA,NA,NA,NA,Thrombosis of bilateral carotid arteries (disorder),Stroke - Manchester,NA,['Manchester'],ManchesterRichardWilliams_Stroke.csv
50,1269244003,NA,NA,NA,NA,NA,NA,NA,NA,Thrombosis of bilateral cerebellar arteries (disorder),Stroke - Manchester,NA,['Manchester'],ManchesterRichardWilliams_Stroke.csv
51,1269245002,NA,NA,NA,NA,NA,NA,NA,NA,Thrombosis of bilateral posterior cerebral arteries (disorder),Stroke - Manchester,NA,['Manchester'],ManchesterRichardWilliams_Stroke.csv
52,1269246001,NA,NA,NA,NA,NA,NA,NA,NA,Thrombosis of bilateral vertebral arteries (disorder),Stroke - Manchester,NA,['Manchester'],ManchesterRichardWilliams_Stroke.csv
53,1269248000,NA,NA,NA,NA,NA,NA,NA,NA,Cerebrovascular accident due to occlusion of anterior choroidal artery (disorder),Stroke - Manchester,NA,['Manchester'],ManchesterRichardWilliams_Stroke.csv
54,137592291000119008,NA,NA,NA,NA,NA,NA,NA,NA,Acute cerebrovascular accident due to occlusion of right posterior cerebral artery (disorder),Stroke - Manchester,NA,['Manchester'],ManchesterRichardWilliams_Stroke.csv
55,140921000000000,NA,NA,NA,NA,NA,NA,NA,NA,Ischaemic stroke without coma,Caliber - Ischaemic Stroke,NA,['Caliber'],StrokeIschaemic_Caliber_EFI_LaurenCombined_v3.csv
56,140921000119102,8044481000006118,2000,^ESCTIS804448,NA,Ischaemic stroke without coma,2967538018,NA,32,Ischemic stroke without coma (disorder),Stroke - Manchester,NA,['Manchester'],ManchesterRichardWilliams_Stroke.csv
57,152148641000119008,NA,NA,NA,NA,NA,NA,NA,NA,Cerebrovascular accident due to embolism of bilateral carotid arteries (disorder),Stroke - Manchester,NA,['Manchester'],ManchesterRichardWilliams_Stroke.csv
58,15978431000119100,NA,NA,NA,NA,NA,NA,NA,NA,Thrombosis of right vertebral artery (disorder),Stroke - Manchester,NA,['Manchester'],ManchesterRichardWilliams_Stroke.csv
59,16000351000119100,NA,NA,NA,NA,NA,NA,NA,NA,Cerebrovascular accident due to occlusion of left posterior cerebral artery (disorder),Stroke - Manchester,NA,['Manchester'],ManchesterRichardWilliams_Stroke.csv
60,16000391000119100,NA,NA,NA,NA,NA,NA,NA,NA,Cerebrovascular accident due to occlusion of right posterior cerebral artery (disorder),Stroke - Manchester,NA,['Manchester'],ManchesterRichardWilliams_Stroke.csv
61,16000431000119100,NA,NA,NA,NA,NA,NA,NA,NA,Cerebrovascular accident due to occlusion of right middle cerebral artery (disorder),Stroke - Manchester,NA,['Manchester'],ManchesterRichardWilliams_Stroke.csv
62,16000500000000000,NA,NA,NA,NA,NA,NA,NA,NA,Cerebrovascular accident due to occlusion of left middle cerebral artery (disorder),Caliber - Ischaemic Stroke,NA,['Caliber'],StrokeIschaemic_Caliber_EFI_LaurenCombined_v3.csv
63,16000511000119100,NA,NA,NA,NA,NA,NA,NA,NA,Cerebrovascular accident due to occlusion of left middle cerebral artery (disorder),Stroke - Manchester,NA,['Manchester'],ManchesterRichardWilliams_Stroke.csv
64,16002000000000000,NA,NA,NA,NA,NA,NA,NA,NA,Cerebrovascular accident due to thrombus of right middle cerebral artery (disorder),Caliber - Ischaemic Stroke,NA,['Caliber'],StrokeIschaemic_Caliber_EFI_LaurenCombined_v3.csv
65,16002031000119100,NA,NA,NA,NA,NA,NA,NA,NA,Cerebrovascular accident due to thrombus of right middle cerebral artery (disorder),Stroke - Manchester,NA,['Manchester'],ManchesterRichardWilliams_Stroke.csv
66,16002100000000000,NA,NA,NA,NA,NA,NA,NA,NA,Cerebrovascular accident due to thrombus of left middle cerebral artery (disorder),Caliber - Ischaemic Stroke,NA,['Caliber'],StrokeIschaemic_Caliber_EFI_LaurenCombined_v3.csv
67,16002111000119100,NA,NA,NA,NA,NA,NA,NA,NA,Cerebrovascular accident due to thrombus of left middle cerebral artery (disorder),Stroke - Manchester,NA,['Manchester'],ManchesterRichardWilliams_Stroke.csv
68,16023751000119100,NA,NA,NA,NA,NA,NA,NA,NA,Occlusion of left anterior choroidal artery (disorder),Stroke - Manchester,NA,['Manchester'],ManchesterRichardWilliams_Stroke.csv
69,16023831000119100,NA,NA,NA,NA,NA,NA,NA,NA,Occlusion of right anterior choroidal artery (disorder),Stroke - Manchester,NA,['Manchester'],ManchesterRichardWilliams_Stroke.csv
70,16023911000119100,NA,NA,NA,NA,NA,NA,NA,NA,Cerebrovascular accident due to occlusion of right carotid artery (disorder),Stroke - Manchester,NA,['Manchester'],ManchesterRichardWilliams_Stroke.csv
71,16023951000119100,NA,NA,NA,NA,NA,NA,NA,NA,Cerebrovascular accident due to occlusion of left anterior choroidal artery (disorder),Stroke - Manchester,NA,['Manchester'],ManchesterRichardWilliams_Stroke.csv
72,16024071000119100,NA,NA,NA,NA,NA,NA,NA,NA,Cerebrovascular accident due to occlusion of right anterior choroidal artery (disorder),Stroke - Manchester,NA,['Manchester'],ManchesterRichardWilliams_Stroke.csv
73,16024111000119100,NA,NA,NA,NA,NA,NA,NA,NA,Cerebrovascular accident due to occlusion of left carotid artery (disorder),Stroke - Manchester,NA,['Manchester'],ManchesterRichardWilliams_Stroke.csv
74,16024151000119100,NA,NA,NA,NA,NA,NA,NA,NA,Cerebrovascular accident due to occlusion of left cerebellar artery (disorder),Stroke - Manchester,NA,['Manchester'],ManchesterRichardWilliams_Stroke.csv
75,16024271000119100,NA,NA,NA,NA,NA,NA,NA,NA,Cerebrovascular accident due to occlusion of right cerebellar artery (disorder),Stroke - Manchester,NA,['Manchester'],ManchesterRichardWilliams_Stroke.csv
76,16026951000119100,NA,NA,NA,NA,NA,NA,NA,NA,Cerebrovascular accident due to stenosis of right carotid artery (disorder),Stroke - Manchester,NA,['Manchester'],ManchesterRichardWilliams_Stroke.csv
77,16026991000119100,NA,NA,NA,NA,NA,NA,NA,NA,Cerebrovascular accident due to stenosis of left carotid artery (disorder),Stroke - Manchester,NA,['Manchester'],ManchesterRichardWilliams_Stroke.csv
78,16218291000119100,3515794015,300,^ESCT1173136,NA,Acute cerebral ischaemia,3515794015,NA,32,Acute cerebral ischemia (disorder),Stroke - Manchester,NA,['Manchester'],ManchesterRichardWilliams_Stroke.csv
79,16218291000119100,3510818013,2,^ESCT1173137,NA,Acute cerebral ischemia,3510818013,NA,32,Acute cerebral ischemia (disorder),Stroke - Manchester,NA,['Manchester'],ManchesterRichardWilliams_Stroke.csv
80,16644541000119100,NA,NA,NA,NA,NA,NA,NA,NA,Cerebrovascular accident due to occlusion of bilateral carotid arteries (disorder),Stroke - Manchester,NA,['Manchester'],ManchesterRichardWilliams_Stroke.csv
81,16644681000119100,NA,NA,NA,NA,NA,NA,NA,NA,Cerebrovascular accident due to occlusion of bilateral pontine arteries (disorder),Stroke - Manchester,NA,['Manchester'],ManchesterRichardWilliams_Stroke.csv
82,16661931000119100,NA,NA,NA,NA,NA,NA,NA,NA,Cerebrovascular accident due to stenosis of bilateral vertebral arteries (disorder),Stroke - Manchester,NA,['Manchester'],ManchesterRichardWilliams_Stroke.csv
83,16661971000119100,NA,NA,NA,NA,NA,NA,NA,NA,Cerebrovascular accident due to stenosis of bilateral carotid arteries (disorder),Stroke - Manchester,NA,['Manchester'],ManchesterRichardWilliams_Stroke.csv
84,168747591000119008,NA,NA,NA,NA,NA,NA,NA,NA,Cerebrovascular accident due to embolism of bilateral posterior cerebral arteries (disorder),Stroke - Manchester,NA,['Manchester'],ManchesterRichardWilliams_Stroke.csv
85,16891111000119100,NA,NA,NA,NA,NA,NA,NA,NA,Cryptogenic stroke (disorder),Stroke - Manchester,NA,['Manchester'],ManchesterRichardWilliams_Stroke.csv
86,182960891000119008,NA,NA,NA,NA,NA,NA,NA,NA,Cerebrovascular accident due to occlusion of left anterior cerebral artery (disorder),Stroke - Manchester,NA,['Manchester'],ManchesterRichardWilliams_Stroke.csv
87,188174841000119008,NA,NA,NA,NA,NA,NA,NA,NA,Cerebrovascular accident due to occlusion of bilateral middle cerebral arteries (disorder),Stroke - Manchester,NA,['Manchester'],ManchesterRichardWilliams_Stroke.csv
88,195179002,NA,NA,NA,NA,NA,NA,NA,NA,Precerebral: [arterial occlusion] or [arterial stenosis] or [infarction],Stroke - Manchester,NA,['Manchester'],ManchesterRichardWilliams_Stroke.csv
89,195185009,300312010,3000,G63y0,G63y000,Cerebral infarct due to thrombosis of precerebral arteries,300312010,NA,32,Cerebral infarct due to thrombosis of precerebral arteries,Caliber - Ischaemic Stroke,NA,['Caliber AND Either (efi OR Lauren_codelist)'],StrokeIschaemic_Caliber_EFI_LaurenCombined_v3.csv
90,195186005,300313017,1000,G63y1,G63y100,Cerebral infarction due to embolism of precerebral arteries,300313017,NA,32,Cerebral infarction due to embolism of precerebral arteries,Stroke - Manchester,NA,['Caliber AND Either (efi OR Lauren_codelist) AND Manchester'],StrokeIschaemic_Caliber_EFI_LaurenCombined_v3.csv And ManchesterRichardWilliams_Stroke.csv
91,195188006,NA,NA,NA,NA,NA,NA,NA,NA,Cerebral arterial occlusion(&[cerebrovascular accident due to] or [stroke due to]) or (cerebral infarction),Stroke - Manchester,NA,['Manchester'],ManchesterRichardWilliams_Stroke.csv
92,195189003,300321011,4000,G6400,G640000,Cerebral infarction due to thrombosis of cerebral arteries,300321011,NA,32,Cerebral infarction due to thrombosis of cerebral arteries,Stroke - Manchester,NA,['Caliber AND Either (efi OR Lauren_codelist) AND Manchester'],StrokeIschaemic_Caliber_EFI_LaurenCombined_v3.csv And ManchesterRichardWilliams_Stroke.csv
93,195190007,300322016,2000,G6410,G641000,Cerebral infarction due to embolism of cerebral arteries,300322016,NA,32,Cerebral infarction due to embolism of cerebral arteries,Stroke - Manchester,NA,['Caliber AND Either (efi OR Lauren_codelist) AND Manchester'],StrokeIschaemic_Caliber_EFI_LaurenCombined_v3.csv And ManchesterRichardWilliams_Stroke.csv
94,195230003,542251000006112,900,G6760,G676000,"Cerebral infarction due to cerebral venous thrombosis, non-pyogenic",300393016,NA,32,"Cere infct/cere vn thrm,nonpyo",Stroke - Manchester,NA,['Caliber AND Either (efi OR Lauren_codelist) AND Manchester'],StrokeIschaemic_Caliber_EFI_LaurenCombined_v3.csv And ManchesterRichardWilliams_Stroke.csv
95,195772021000119008,NA,NA,NA,NA,NA,NA,NA,NA,Cerebrovascular accident due to thrombosis of left anterior cerebral artery (disorder),Stroke - Manchester,NA,['Manchester'],ManchesterRichardWilliams_Stroke.csv
96,20059004,543141000006110,5000,G6X,G6X..00,Cerebrl infarctn due/unspcf occlusn or sten/cerebrl artrs,33759015,NA,32,[X]Occlusion and stenosis of other cerebral arteries,Stroke - Manchester,NA,['Caliber AND Either (efi OR Lauren_codelist) AND Manchester'],StrokeIschaemic_Caliber_EFI_LaurenCombined_v3.csv And ManchesterRichardWilliams_Stroke.csv
97,20059004,543141000006110,5000,G6X,G6X..00,Cerebrl infarctn due/unspcf occlusn or sten/cerebrl artrs,33759015,NA,32,Cerebral arterial occlusion,Stroke - Manchester,NA,['Caliber AND Either (efi OR Lauren_codelist) AND Manchester'],StrokeIschaemic_Caliber_EFI_LaurenCombined_v3.csv And ManchesterRichardWilliams_Stroke.csv
98,20059004,370701000006118,400,Gyu63,Gyu6300,[X]Cerebrl infarctn due/unspcf occlusn or sten/cerebrl artrs,33759015,NA,32,[X]Occlusion and stenosis of other cerebral arteries,Stroke - Manchester,NA,['Caliber AND Either (efi OR Lauren_codelist) AND Manchester'],StrokeIschaemic_Caliber_EFI_LaurenCombined_v3.csv And ManchesterRichardWilliams_Stroke.csv
99,20059004,370701000006118,400,Gyu63,Gyu6300,[X]Cerebrl infarctn due/unspcf occlusn or sten/cerebrl artrs,33759015,NA,32,Cerebral arterial occlusion,Stroke - Manchester,NA,['Caliber AND Either (efi OR Lauren_codelist) AND Manchester'],StrokeIschaemic_Caliber_EFI_LaurenCombined_v3.csv And ManchesterRichardWilliams_Stroke.csv
100,20059004,1222398015,100000,G64,G64..00,Cerebral arterial occlusion,1222398015,NA,32,[X]Occlusion and stenosis of other cerebral arteries,Stroke - Manchester,NA,['Caliber AND Either (efi OR Lauren_codelist) AND Manchester'],StrokeIschaemic_Caliber_EFI_LaurenCombined_v3.csv And ManchesterRichardWilliams_Stroke.csv
101,20059004,1222398015,100000,G64,G64..00,Cerebral arterial occlusion,1222398015,NA,32,Cerebral arterial occlusion,Stroke - Manchester,NA,['Caliber AND Either (efi OR Lauren_codelist) AND Manchester'],StrokeIschaemic_Caliber_EFI_LaurenCombined_v3.csv And ManchesterRichardWilliams_Stroke.csv
102,20059004,300943012,3000,Gyu66,Gyu6600,Cerebral artery occlusion,33759015,NA,32,[X]Occlusion and stenosis of other cerebral arteries,Stroke - Manchester,NA,['Caliber AND Either (efi OR Lauren_codelist) AND Manchester'],StrokeIschaemic_Caliber_EFI_LaurenCombined_v3.csv And ManchesterRichardWilliams_Stroke.csv
103,20059004,300943012,3000,Gyu66,Gyu6600,Cerebral artery occlusion,33759015,NA,32,Cerebral arterial occlusion,Stroke - Manchester,NA,['Caliber AND Either (efi OR Lauren_codelist) AND Manchester'],StrokeIschaemic_Caliber_EFI_LaurenCombined_v3.csv And ManchesterRichardWilliams_Stroke.csv
104,230518009,NA,NA,NA,NA,NA,NA,NA,NA,Infarction of optic tract (disorder),Stroke - Manchester,NA,['Manchester'],ManchesterRichardWilliams_Stroke.csv
105,230523009,5009091000006112,2,^ESCTIN500909,NA,Infarction of optic radiation,345429014,NA,32,Infarction of optic radiation (disorder),Stroke - Manchester,NA,['Manchester'],ManchesterRichardWilliams_Stroke.csv
106,230691006,122361000006113,30000,G64-3,G64..13,Stroke due to cerebral arterial occlusion,345638019,NA,32,Cereb art occl (& [cerebvasc acc][stroke]) or (cereb infarc),Stroke - Manchester,NA,['Caliber AND Either (efi OR Lauren_codelist) AND Manchester'],StrokeIschaemic_Caliber_EFI_LaurenCombined_v3.csv And ManchesterRichardWilliams_Stroke.csv
107,230691006,605461000006117,200000,G64-1,G64..11,CVA - cerebrovascular accident due to cerebral artery occlusion,345638019,NA,32,Cereb art occl (& [cerebvasc acc][stroke]) or (cereb infarc),Stroke - Manchester,NA,['Caliber AND Either (efi OR Lauren_codelist) AND Manchester'],StrokeIschaemic_Caliber_EFI_LaurenCombined_v3.csv And ManchesterRichardWilliams_Stroke.csv
108,230692004,345639010,100,G63-1,G63..11,Infarction - precerebral,345639010,NA,32,Infarction - precerebral,Caliber - Ischaemic Stroke,NA,['Caliber AND Either (efi OR Lauren_codelist)'],StrokeIschaemic_Caliber_EFI_LaurenCombined_v3.csv
109,230693009,5011041000006118,600,^ESCTAN501104,NA,Anterior cerebral circulation infarction,345640012,NA,32,Ant cereb circulation infarct,Stroke - Manchester,NA,['Caliber AND Either (efi OR Lauren_codelist) AND Manchester'],StrokeIschaemic_Caliber_EFI_LaurenCombined_v3.csv And ManchesterRichardWilliams_Stroke.csv
110,230694003,5011071000006114,50,^ESCTTO501107,NA,Total anterior cerebral circulation stroke,345642016,NA,32,Total anterior cerebral circulation infarction,Stroke - Manchester,NA,['Caliber AND Either (efi OR Lauren_codelist) AND Manchester'],StrokeIschaemic_Caliber_EFI_LaurenCombined_v3.csv And ManchesterRichardWilliams_Stroke.csv
111,230694003,5011081000006112,40,^ESCTTA501108,NA,TACS - Total anterior cerebral circulation stroke,345643014,NA,32,Total anterior cerebral circulation infarction,Stroke - Manchester,NA,['Caliber AND Either (efi OR Lauren_codelist) AND Manchester'],StrokeIschaemic_Caliber_EFI_LaurenCombined_v3.csv And ManchesterRichardWilliams_Stroke.csv
112,230694003,5011061000006119,20,^ESCTTA501106,NA,TACI - Total anterior cerebral circulation infarction,345641011,NA,32,Total anterior cerebral circulation infarction,Stroke - Manchester,NA,['Caliber AND Either (efi OR Lauren_codelist) AND Manchester'],StrokeIschaemic_Caliber_EFI_LaurenCombined_v3.csv And ManchesterRichardWilliams_Stroke.csv
113,230694003,5011051000006116,1000,^ESCTTO501105,NA,Total anterior cerebral circulation infarction,345644015,NA,32,Total anterior cerebral circulation infarction,Stroke - Manchester,NA,['Caliber AND Either (efi OR Lauren_codelist) AND Manchester'],StrokeIschaemic_Caliber_EFI_LaurenCombined_v3.csv And ManchesterRichardWilliams_Stroke.csv
114,230695002,5011111000006118,100,^ESCTPA501111,NA,Partial anterior cerebral circulation stroke,345647010,NA,32,Partial anterior cerebral circulation infarction,Stroke - Manchester,NA,['Caliber AND Either (efi OR Lauren_codelist) AND Manchester'],StrokeIschaemic_Caliber_EFI_LaurenCombined_v3.csv And ManchesterRichardWilliams_Stroke.csv
115,230695002,5011091000006110,4000,^ESCTPA501109,NA,Partial anterior cerebral circulation infarction,345645019,NA,32,Partial anterior cerebral circulation infarction,Stroke - Manchester,NA,['Caliber AND Either (efi OR Lauren_codelist) AND Manchester'],StrokeIschaemic_Caliber_EFI_LaurenCombined_v3.csv And ManchesterRichardWilliams_Stroke.csv
116,230695002,5011121000006114,80,^ESCTPA501112,NA,PACS - Partial anterior cerebral circulation stroke,345648017,NA,32,Partial anterior cerebral circulation infarction,Stroke - Manchester,NA,['Caliber AND Either (efi OR Lauren_codelist) AND Manchester'],StrokeIschaemic_Caliber_EFI_LaurenCombined_v3.csv And ManchesterRichardWilliams_Stroke.csv
117,230695002,5011101000006116,30,^ESCTPA501110,NA,PACI - Partial anterior cerebral circulation infarction,345646018,NA,32,Partial anterior cerebral circulation infarction,Stroke - Manchester,NA,['Caliber AND Either (efi OR Lauren_codelist) AND Manchester'],StrokeIschaemic_Caliber_EFI_LaurenCombined_v3.csv And ManchesterRichardWilliams_Stroke.csv
118,230696001,5011131000006112,3000,^ESCTPO501113,NA,Posterior cerebral circulation infarction,345649013,NA,32,Post cerebral circulat infarct,Stroke - Manchester,NA,['Caliber AND Either (efi OR Lauren_codelist) AND Manchester'],StrokeIschaemic_Caliber_EFI_LaurenCombined_v3.csv And ManchesterRichardWilliams_Stroke.csv
119,230696001,5011141000006119,100,^ESCTPO501114,NA,Posterior cerebral circulation stroke,2966565019,NA,32,Post cerebral circulat infarct,Stroke - Manchester,NA,['Caliber AND Either (efi OR Lauren_codelist) AND Manchester'],StrokeIschaemic_Caliber_EFI_LaurenCombined_v3.csv And ManchesterRichardWilliams_Stroke.csv
120,230698000,5011171000006110,20,^ESCTLA501117,NA,LACI - Lacunar infarction,345653010,NA,32,Lacunar infarction,Stroke - Manchester,NA,['Caliber AND Either (efi OR Lauren_codelist) AND Manchester'],StrokeIschaemic_Caliber_EFI_LaurenCombined_v3.csv And ManchesterRichardWilliams_Stroke.csv
121,230698000,5011161000006115,200,^ESCTLA501116,NA,Lacunar stroke,345652017,NA,32,Lacunar infarction,Stroke - Manchester,NA,['Caliber AND Either (efi OR Lauren_codelist) AND Manchester'],StrokeIschaemic_Caliber_EFI_LaurenCombined_v3.csv And ManchesterRichardWilliams_Stroke.csv
122,230698000,299342019,20000,Fyu56,Fyu5600,Lacunar infarction,345651012,NA,32,Lacunar infarction,Stroke - Manchester,NA,['Caliber AND Either (efi OR Lauren_codelist) AND Manchester'],StrokeIschaemic_Caliber_EFI_LaurenCombined_v3.csv And ManchesterRichardWilliams_Stroke.csv
123,230698000,5011181000006113,2,^ESCTLI501118,NA,LI - Lacunar infarction,345654016,NA,32,Lacunar infarction,Stroke - Manchester,NA,['Caliber AND Either (efi OR Lauren_codelist) AND Manchester'],StrokeIschaemic_Caliber_EFI_LaurenCombined_v3.csv And ManchesterRichardWilliams_Stroke.csv
124,230699008,5011191000006111,200,^ESCTPU501119,NA,Pure motor lacunar infarction,345656019,NA,32,Pure motor lacunar infarction (disorder),Stroke - Manchester,NA,['Manchester'],ManchesterRichardWilliams_Stroke.csv
125,230699008,345655015,2000,G665,G665.00,Pure motor lacunar syndrome,345655015,NA,32,Pure motor lacunar infarction (disorder),Stroke - Manchester,NA,['Manchester'],ManchesterRichardWilliams_Stroke.csv
126,230700009,345658018,800,G666,G666.00,Pure sensory lacunar syndrome,345658018,NA,32,Pure sensory lacunar infarction (disorder),Stroke - Manchester,NA,['Manchester'],ManchesterRichardWilliams_Stroke.csv
127,230700009,5011211000006112,90,^ESCTPU501121,NA,Pure sensory lacunar infarction,345657011,NA,32,Pure sensory lacunar infarction (disorder),Stroke - Manchester,NA,['Manchester'],ManchesterRichardWilliams_Stroke.csv
128,230701008,5011231000006118,10,^ESCTPU501123,NA,Pure sensorimotor lacunar infarction,345659014,NA,32,Pure sensorimotor lacunar infarction (disorder),Stroke - Manchester,NA,['Caliber AND Either (efi OR Lauren_codelist) AND Manchester'],StrokeIschaemic_Caliber_EFI_LaurenCombined_v3.csv And ManchesterRichardWilliams_Stroke.csv
129,230703006,5011251000006113,5,^ESCTDY501125,NA,Dysarthria-clumsy hand syndrome,345661017,NA,32,Dysarthria-clumsy hand syndrome (disorder),Stroke - Manchester,NA,['Manchester'],ManchesterRichardWilliams_Stroke.csv
130,230704000,5011261000006110,10,^ESCTMU501126,NA,Multi-infarct state,345662012,NA,31,Multi-infarct state,Stroke - Manchester,NA,['Caliber AND Either (efi OR Lauren_codelist) AND Manchester'],StrokeIschaemic_Caliber_EFI_LaurenCombined_v3.csv And ManchesterRichardWilliams_Stroke.csv
131,230706003,5011301000006118,1,^ESCTHE501130,NA,Hemorrhagic cerebral infarction,345666010,NA,32,Haemorrhagic cerebral infarction,Caliber - Ischaemic Stroke,NA,['Caliber AND Either (efi OR Lauren_codelist)'],StrokeIschaemic_Caliber_EFI_LaurenCombined_v3.csv
132,230706003,5011291000006119,400,^ESCTHA501129,NA,Haemorrhagic cerebral infarction,345667018,NA,32,Haemorrhagic cerebral infarction,Caliber - Ischaemic Stroke,NA,['Caliber AND Either (efi OR Lauren_codelist)'],StrokeIschaemic_Caliber_EFI_LaurenCombined_v3.csv
133,230707007,5011331000006114,10,^ESCTAN501133,NA,Anterior cerebral circulation haemorrhagic infarction,345668011,NA,32,Anterior cerebral circulation hemorrhagic infarction (disorder),Stroke - Manchester,NA,['Caliber AND Either (efi OR Lauren_codelist) AND Manchester'],StrokeIschaemic_Caliber_EFI_LaurenCombined_v3.csv And ManchesterRichardWilliams_Stroke.csv
134,230708002,5011351000006119,40,^ESCTPO501135,NA,Posterior cerebral circulation haemorrhagic infarction,345671015,NA,32,Posterior cerebral circulation hemorrhagic infarction (disorder),Stroke - Manchester,NA,['Caliber AND Either (efi OR Lauren_codelist) AND Manchester'],StrokeIschaemic_Caliber_EFI_LaurenCombined_v3.csv And ManchesterRichardWilliams_Stroke.csv
135,230722002,5011661000006113,8,^ESCTCE501166,NA,Cerebral venous thrombosis of cortical vein,345699012,NA,31,Cerebral venous thrombosis of cortical vein (disorder),Stroke - Manchester,NA,['Manchester'],ManchesterRichardWilliams_Stroke.csv
136,230723007,5011671000006118,3,^ESCTCE501167,NA,Cerebral venous thrombosis of great cerebral vein,345700013,NA,31,Cerebral venous thrombosis of great cerebral vein (disorder),Stroke - Manchester,NA,['Manchester'],ManchesterRichardWilliams_Stroke.csv
137,239965291000119008,NA,NA,NA,NA,NA,NA,NA,NA,Cerebrovascular accident due to occlusion of basilar artery (disorder),Stroke - Manchester,NA,['Manchester'],ManchesterRichardWilliams_Stroke.csv
138,251770561000119008,NA,NA,NA,NA,NA,NA,NA,NA,Cerebrovascular accident due to embolism of left anterior cerebral artery (disorder),Stroke - Manchester,NA,['Manchester'],ManchesterRichardWilliams_Stroke.csv
139,266253001,395777014,2000,G63,G63..00,Precerebral arterial occlusion,395777014,NA,32,[X]Occlusion and stenosis of other precerebral arteries,Stroke - Manchester,NA,['Caliber AND Either (efi OR Lauren_codelist) AND Manchester'],StrokeIschaemic_Caliber_EFI_LaurenCombined_v3.csv And ManchesterRichardWilliams_Stroke.csv
140,266253001,300311015,200,G63y,G63y.00,Other precerebral artery occlusion,395777014,NA,32,[X]Occlusion and stenosis of other precerebral arteries,Stroke - Manchester,NA,['Caliber AND Either (efi OR Lauren_codelist) AND Manchester'],StrokeIschaemic_Caliber_EFI_LaurenCombined_v3.csv And ManchesterRichardWilliams_Stroke.csv
141,266253001,300314011,600,G63z,G63z.00,Precerebral artery occlusion NOS,395777014,NA,32,[X]Occlusion and stenosis of other precerebral arteries,Stroke - Manchester,NA,['Caliber AND Either (efi OR Lauren_codelist) AND Manchester'],StrokeIschaemic_Caliber_EFI_LaurenCombined_v3.csv And ManchesterRichardWilliams_Stroke.csv
142,266253001,300942019,30,Gyu65,Gyu6500,[X]Occlusion and stenosis of other precerebral arteries,395777014,NA,32,[X]Occlusion and stenosis of other precerebral arteries,Stroke - Manchester,NA,['Caliber AND Either (efi OR Lauren_codelist) AND Manchester'],StrokeIschaemic_Caliber_EFI_LaurenCombined_v3.csv And ManchesterRichardWilliams_Stroke.csv
143,276219001,5582311000006110,2000,^ESCTOC558231,NA,Occipital cerebral infarction,412270012,NA,32,Occipital cerebral infarction (disorder),Stroke - Manchester,NA,['Caliber AND Either (efi OR Lauren_codelist) AND Manchester'],StrokeIschaemic_Caliber_EFI_LaurenCombined_v3.csv And ManchesterRichardWilliams_Stroke.csv
144,276220007,5582321000006119,3,^ESCTFO558232,NA,Foville syndrome,412271011,NA,32,Foville syndrome (disorder),Stroke - Manchester,NA,['Manchester'],ManchesterRichardWilliams_Stroke.csv
145,276222004,5582351000006111,4,^ESCTTO558235,NA,Top of basilar syndrome,412273014,NA,32,Top of basilar syndrome (disorder),Caliber - Ischaemic Stroke,NA,['Caliber'],StrokeIschaemic_Caliber_EFI_LaurenCombined_v3.csv
146,297138001,NA,NA,NA,NA,NA,NA,NA,NA,Embolus of circle of Willis,Stroke - Manchester,NA,['Caliber AND Either (efi OR Lauren_codelist) AND Manchester'],StrokeIschaemic_Caliber_EFI_LaurenCombined_v3.csv And ManchesterRichardWilliams_Stroke.csv
147,297778421000118976,NA,NA,NA,NA,NA,NA,NA,NA,Cerebrovascular accident due to thrombosis of bilateral posterior cerebral arteries (disorder),Stroke - Manchester,NA,['Manchester'],ManchesterRichardWilliams_Stroke.csv
148,302902003,NA,NA,NA,NA,NA,NA,NA,NA,Infarction of optic chiasm (disorder),Stroke - Manchester,NA,['Manchester'],ManchesterRichardWilliams_Stroke.csv
149,302904002,5912811000006111,5,^ESCTIN591281,NA,Infarction of visual cortex,444898010,NA,32,Infarction of visual cortex (disorder),Stroke - Manchester,NA,['Manchester'],ManchesterRichardWilliams_Stroke.csv
150,307363008,5967391000006111,500,^ESCTMU596739,NA,Multiple lacunar infarcts,450609012,NA,32,Multiple lacunar infarcts (disorder),Stroke - Manchester,NA,['Caliber AND Either (efi OR Lauren_codelist) AND Manchester'],StrokeIschaemic_Caliber_EFI_LaurenCombined_v3.csv And ManchesterRichardWilliams_Stroke.csv
151,307766002,451133011,40000,G64z2,G64z200,Left sided cerebral infarction,451133011,NA,32,Left sided cerebral infarction,Stroke - Manchester,NA,['Caliber AND Either (efi OR Lauren_codelist) AND Manchester'],StrokeIschaemic_Caliber_EFI_LaurenCombined_v3.csv And ManchesterRichardWilliams_Stroke.csv
152,307767006,451134017,30000,G64z3,G64z300,Right sided cerebral infarction,451134017,NA,32,Right sided cerebral infarction,Stroke - Manchester,NA,['Caliber AND Either (efi OR Lauren_codelist) AND Manchester'],StrokeIschaemic_Caliber_EFI_LaurenCombined_v3.csv And ManchesterRichardWilliams_Stroke.csv
153,329361000119107,3636133016,8,^ESCT1170849,NA,Cerebrovascular accident due to occlusion of right middle cerebral artery by embolus,3636133016,NA,32,Cerebrovascular accident due to occlusion of right middle cerebral artery by embolus (disorder),Stroke - Manchester,NA,['Manchester'],ManchesterRichardWilliams_Stroke.csv
154,329371000119101,3636136012,8,^ESCT1170850,NA,Cerebrovascular accident due to occlusion of left middle cerebral artery by embolus,3636136012,NA,32,Cerebrovascular accident due to occlusion of left middle cerebral artery by embolus (disorder),Stroke - Manchester,NA,['Manchester'],ManchesterRichardWilliams_Stroke.csv
155,329421000119107,NA,NA,NA,NA,NA,NA,NA,NA,Cerebrovascular accident due to occlusion of right posterior cerebral artery by embolus (disorder),Stroke - Manchester,NA,['Manchester'],ManchesterRichardWilliams_Stroke.csv
156,329431000119105,3636139017,1,^ESCT1170852,NA,Cerebrovascular accident due to occlusion of left posterior cerebral artery by embolus,3636139017,NA,32,Cerebrovascular accident due to occlusion of left posterior cerebral artery by embolus (disorder),Stroke - Manchester,NA,['Manchester'],ManchesterRichardWilliams_Stroke.csv
157,329451000119104,3636141016,3,^ESCT1170853,NA,Cerebrovascular accident due to occlusion of right cerebellar artery by embolus,3636141016,NA,32,Cerebrovascular accident due to occlusion of right cerebellar artery by embolus (disorder),Stroke - Manchester,NA,['Manchester'],ManchesterRichardWilliams_Stroke.csv
158,329461000119102,3509817019,5,^ESCT1170855,NA,Left hemispheric cerebellar artery embolism with stroke,3509817019,NA,32,Cerebrovascular accident due to occlusion of left cerebellar artery by embolus (disorder),Stroke - Manchester,NA,['Manchester'],ManchesterRichardWilliams_Stroke.csv
159,329461000119102,3636143018,4,^ESCT1170854,NA,Cerebrovascular accident due to occlusion of left cerebellar artery by embolus,3636143018,NA,32,Cerebrovascular accident due to occlusion of left cerebellar artery by embolus (disorder),Stroke - Manchester,NA,['Manchester'],ManchesterRichardWilliams_Stroke.csv
160,329481000119106,3505639012,80,^ESCT1170856,NA,Occlusion of right middle cerebral artery,3505639012,NA,32,Occlusion of right middle cerebral artery (disorder),Stroke - Manchester,NA,['Manchester'],ManchesterRichardWilliams_Stroke.csv
161,329491000119109,3505637014,100,^ESCT1170857,NA,Occlusion of left middle cerebral artery,3505637014,NA,32,Occlusion of left middle cerebral artery (disorder),Stroke - Manchester,NA,['Manchester'],ManchesterRichardWilliams_Stroke.csv
162,329501000119102,14172901000006118,3,^ESCT1417290,NA,Bilateral occlusion of middle cerebral arteries,3993144016,NA,32,Occlusion of bilateral middle cerebral arteries (disorder),Stroke - Manchester,NA,['Manchester'],ManchesterRichardWilliams_Stroke.csv
163,329541000119100,14172931000006114,1,^ESCT1417293,NA,Bilateral occlusion of anterior cerebral arteries,3993148018,NA,32,Occlusion of bilateral anterior cerebral arteries (disorder),Stroke - Manchester,NA,['Manchester'],ManchesterRichardWilliams_Stroke.csv
164,329561000119101,3505653012,10,^ESCT1170858,NA,Occlusion of right posterior cerebral artery,3505653012,NA,32,Occlusion of right posterior cerebral artery (disorder),Stroke - Manchester,NA,['Manchester'],ManchesterRichardWilliams_Stroke.csv
165,329571000119107,3505651014,20,^ESCT1170859,NA,Occlusion of left posterior cerebral artery,3505651014,NA,32,Occlusion of left posterior cerebral artery (disorder),Stroke - Manchester,NA,['Manchester'],ManchesterRichardWilliams_Stroke.csv
166,329641000000000,NA,NA,NA,NA,NA,NA,NA,NA,Cerebrovascular accident due to thrombus of basilar artery (disorder),Caliber - Ischaemic Stroke,NA,['Caliber'],StrokeIschaemic_Caliber_EFI_LaurenCombined_v3.csv
167,329641000119104,3508955016,90,^ESCT1170860,NA,Cerebrovascular accident due to thrombus of basilar artery,3508955016,NA,32,Cerebrovascular accident due to thrombus of basilar artery (disorder),Stroke - Manchester,NA,['Manchester'],ManchesterRichardWilliams_Stroke.csv
168,329641000119104,3508956015,5,^ESCT1170861,NA,Stroke due to basilar artery thrombus,3508956015,NA,32,Cerebrovascular accident due to thrombus of basilar artery (disorder),Stroke - Manchester,NA,['Manchester'],ManchesterRichardWilliams_Stroke.csv
169,329651000119102,3508958019,10,^ESCT1170862,NA,Cerebrovascular accident due to thrombus of right carotid artery,3508958019,NA,32,Cerebrovascular accident due to thrombus of right carotid artery (disorder),Stroke - Manchester,NA,['Manchester'],ManchesterRichardWilliams_Stroke.csv
170,330791000119108,3508952018,10,^ESCT1170889,NA,Cerebrovascular accident due to thrombus of left carotid artery,3508952018,NA,32,Cerebrovascular accident due to thrombus of left carotid artery (disorder),Stroke - Manchester,NA,['Manchester'],ManchesterRichardWilliams_Stroke.csv
171,346410121000118976,NA,NA,NA,NA,NA,NA,NA,NA,Acute cerebrovascular accident due to thrombosis of left middle cerebral artery (disorder),Stroke - Manchester,NA,['Manchester'],ManchesterRichardWilliams_Stroke.csv
172,346674811000118976,NA,NA,NA,NA,NA,NA,NA,NA,Cerebrovascular accident due to occlusion of bilateral cerebellar arteries (disorder),Stroke - Manchester,NA,['Manchester'],ManchesterRichardWilliams_Stroke.csv
173,371040005,6348291000006115,100,^ESCTTH634829,NA,Thrombotic stroke,1209750017,NA,32,Thrombotic stroke (disorder),Stroke - Manchester,NA,['Manchester'],ManchesterRichardWilliams_Stroke.csv
174,371041009,6348301000006119,700,^ESCTEM634830,NA,Embolic stroke,1209751018,NA,32,Embolic stroke (disorder),Stroke - Manchester,NA,['Caliber AND Either (efi OR Lauren_codelist) AND Manchester'],StrokeIschaemic_Caliber_EFI_LaurenCombined_v3.csv And ManchesterRichardWilliams_Stroke.csv
175,373606000,1212072018,500,ESCTOC3,NA,Occlusive stroke,1212072018,NA,32,Cerebral thrombosis,Stroke - Manchester,NA,['Caliber AND Either (efi OR Lauren_codelist) AND Manchester'],StrokeIschaemic_Caliber_EFI_LaurenCombined_v3.csv And ManchesterRichardWilliams_Stroke.csv
176,384430101000119040,NA,NA,NA,NA,NA,NA,NA,NA,Cerebrovascular accident due to embolism of right carotid artery (disorder),Stroke - Manchester,NA,['Manchester'],ManchesterRichardWilliams_Stroke.csv
177,38595071000119104,14489491000006119,8,^ESCT1448949,NA,Cerebrovascular accident due to thrombosis of right posterior cerebral artery,4577054015,NA,32,Cerebrovascular accident due to thrombosis of right posterior cerebral artery (disorder),Stroke - Manchester,NA,['Manchester'],ManchesterRichardWilliams_Stroke.csv
178,40076141000119104,NA,NA,NA,NA,NA,NA,NA,NA,Acute cerebrovascular accident due to occlusion of left posterior cerebral artery (disorder),Stroke - Manchester,NA,['Manchester'],ManchesterRichardWilliams_Stroke.csv
179,407573811000119040,NA,NA,NA,NA,NA,NA,NA,NA,Acute cerebrovascular accident due to occlusion of right carotid artery (disorder),Stroke - Manchester,NA,['Manchester'],ManchesterRichardWilliams_Stroke.csv
180,413102000,6837061000006117,4,^ESCTBA683706,NA,Basal ganglion infarct,2966650013,NA,32,Infarction of basal ganglia,Stroke - Manchester,NA,['Caliber AND Either (efi OR Lauren_codelist) AND Manchester'],StrokeIschaemic_Caliber_EFI_LaurenCombined_v3.csv And ManchesterRichardWilliams_Stroke.csv
181,413102000,6837051000006119,9,^ESCTBA683705,NA,Basal ganglion stroke,2966612019,NA,32,Infarction of basal ganglia,Stroke - Manchester,NA,['Caliber AND Either (efi OR Lauren_codelist) AND Manchester'],StrokeIschaemic_Caliber_EFI_LaurenCombined_v3.csv And ManchesterRichardWilliams_Stroke.csv
182,413102000,2474651019,10000,G64z4,G64z400,Infarction of basal ganglia,2474651019,NA,32,Infarction of basal ganglia,Stroke - Manchester,NA,['Caliber AND Either (efi OR Lauren_codelist) AND Manchester'],StrokeIschaemic_Caliber_EFI_LaurenCombined_v3.csv And ManchesterRichardWilliams_Stroke.csv
183,413758000,6846141000006118,200,^ESCTCA684614,NA,Cardioembolic stroke,2535208016,NA,32,Cardioembolic stroke (disorder),Stroke - Manchester,NA,['Caliber AND Either (efi OR Lauren_codelist) AND Manchester'],StrokeIschaemic_Caliber_EFI_LaurenCombined_v3.csv And ManchesterRichardWilliams_Stroke.csv
184,422504002,6990991000006112,90,^ESCTIS699099,NA,Ischemic stroke,2644233012,NA,32,Ischemic stroke (disorder),Stroke - Manchester,NA,['Manchester'],ManchesterRichardWilliams_Stroke.csv
185,422504002,6990981000006114,6000,^ESCTIS699098,NA,Ischaemic stroke,2644234018,NA,32,Ischemic stroke (disorder),Stroke - Manchester,NA,['Manchester'],ManchesterRichardWilliams_Stroke.csv
186,426107000,7054171000006115,700,^ESCTAC705417,NA,Acute lacunar infarction,2674093010,NA,32,Acute lacunar infarction (disorder),Stroke - Manchester,NA,['Caliber AND Either (efi OR Lauren_codelist) AND Manchester'],StrokeIschaemic_Caliber_EFI_LaurenCombined_v3.csv And ManchesterRichardWilliams_Stroke.csv
187,426983002,7067291000006113,80,^ESCTIN706729,NA,Infarction of medulla oblongata,2675250011,NA,32,Infarction of medulla oblongata (disorder),Stroke - Manchester,NA,['Manchester'],ManchesterRichardWilliams_Stroke.csv
188,432504007,218511000000117,20000,G64-2,G64..12,Infarction - cerebral,2770034014,NA,32,Cerebral infarction NOS,Stroke - Manchester,NA,['Caliber AND Either (efi OR Lauren_codelist) AND Manchester'],StrokeIschaemic_Caliber_EFI_LaurenCombined_v3.csv And ManchesterRichardWilliams_Stroke.csv
189,432504007,218511000000117,20000,G64-2,G64..12,Infarction - cerebral,2770034014,NA,32,[X]Other cerebral infarction,Stroke - Manchester,NA,['Caliber AND Either (efi OR Lauren_codelist) AND Manchester'],StrokeIschaemic_Caliber_EFI_LaurenCombined_v3.csv And ManchesterRichardWilliams_Stroke.csv
190,432504007,395780010,200000,G64z,G64z.00,Cerebral infarction,2770034014,NA,32,Cerebral infarction NOS,Stroke - Manchester,NA,['Caliber AND Either (efi OR Lauren_codelist) AND Manchester'],StrokeIschaemic_Caliber_EFI_LaurenCombined_v3.csv And ManchesterRichardWilliams_Stroke.csv
191,432504007,395780010,200000,G64z,G64z.00,Cerebral infarction,2770034014,NA,32,[X]Other cerebral infarction,Stroke - Manchester,NA,['Caliber AND Either (efi OR Lauren_codelist) AND Manchester'],StrokeIschaemic_Caliber_EFI_LaurenCombined_v3.csv And ManchesterRichardWilliams_Stroke.csv
192,432504007,300941014,3000,Gyu64,Gyu6400,[X]Other cerebral infarction,2770034014,NA,32,Cerebral infarction NOS,Stroke - Manchester,NA,['Caliber AND Either (efi OR Lauren_codelist) AND Manchester'],StrokeIschaemic_Caliber_EFI_LaurenCombined_v3.csv And ManchesterRichardWilliams_Stroke.csv
193,432504007,300941014,3000,Gyu64,Gyu6400,[X]Other cerebral infarction,2770034014,NA,32,[X]Other cerebral infarction,Stroke - Manchester,NA,['Caliber AND Either (efi OR Lauren_codelist) AND Manchester'],StrokeIschaemic_Caliber_EFI_LaurenCombined_v3.csv And ManchesterRichardWilliams_Stroke.csv
194,444172003,7289131000006116,4,^ESCTRE728913,NA,Recurrent transient cerebral ischemic attack,2840805012,NA,32,Recurrent transient cerebral ischemic attack (disorder),Caliber - Ischaemic Stroke,NA,['Caliber'],StrokeIschaemic_Caliber_EFI_LaurenCombined_v3.csv
195,444172003,7289121000006119,100,^ESCTRE728912,NA,Recurrent transient cerebral ischaemic attack,2840804011,NA,32,Recurrent transient cerebral ischemic attack (disorder),Caliber - Ischaemic Stroke,NA,['Caliber'],StrokeIschaemic_Caliber_EFI_LaurenCombined_v3.csv
196,46583221000119104,NA,NA,NA,NA,NA,NA,NA,NA,Acute cerebrovascular accident due to stenosis of left carotid artery (disorder),Stroke - Manchester,NA,['Manchester'],ManchesterRichardWilliams_Stroke.csv
197,488408691000119040,NA,NA,NA,NA,NA,NA,NA,NA,Cerebrovascular accident due to thrombosis of bilateral cerebellar arteries (disorder),Stroke - Manchester,NA,['Manchester'],ManchesterRichardWilliams_Stroke.csv
198,496369931000119040,NA,NA,NA,NA,NA,NA,NA,NA,Cerebrovascular accident due to thrombosis of right cerebellar artery (disorder),Stroke - Manchester,NA,['Manchester'],ManchesterRichardWilliams_Stroke.csv
199,502836591000119040,NA,NA,NA,NA,NA,NA,NA,NA,Acute cerebrovascular accident due to occlusion of left carotid artery (disorder),Stroke - Manchester,NA,['Manchester'],ManchesterRichardWilliams_Stroke.csv
200,511452481000119040,NA,NA,NA,NA,NA,NA,NA,NA,Cerebrovascular accident due to thrombosis of right vertebral artery (disorder),Stroke - Manchester,NA,['Manchester'],ManchesterRichardWilliams_Stroke.csv
201,517253051000119040,NA,NA,NA,NA,NA,NA,NA,NA,Cerebrovascular accident due to embolism of left vertebral artery (disorder),Stroke - Manchester,NA,['Manchester'],ManchesterRichardWilliams_Stroke.csv
202,563789641000119040,NA,NA,NA,NA,NA,NA,NA,NA,Cerebrovascular accident due to thrombosis of bilateral carotid arteries (disorder),Stroke - Manchester,NA,['Manchester'],ManchesterRichardWilliams_Stroke.csv
203,578968971000119040,NA,NA,NA,NA,NA,NA,NA,NA,Cerebrovascular accident due to thrombosis of bilateral vertebral arteries (disorder),Stroke - Manchester,NA,['Manchester'],ManchesterRichardWilliams_Stroke.csv
204,58173271000119104,NA,NA,NA,NA,NA,NA,NA,NA,Cerebrovascular accident due to embolism of bilateral cerebellar arteries (disorder),Stroke - Manchester,NA,['Manchester'],ManchesterRichardWilliams_Stroke.csv
205,63230211000119104,NA,NA,NA,NA,NA,NA,NA,NA,Acute cerebrovascular accident due to occlusion of left middle cerebral artery (disorder),Stroke - Manchester,NA,['Manchester'],ManchesterRichardWilliams_Stroke.csv
206,655081461000119040,NA,NA,NA,NA,NA,NA,NA,NA,Cerebrovascular accident due to occlusion of right anterior cerebral artery (disorder),Stroke - Manchester,NA,['Manchester'],ManchesterRichardWilliams_Stroke.csv
207,693158221000119040,NA,NA,NA,NA,NA,NA,NA,NA,Acute cerebrovascular accident due to stenosis of right carotid artery (disorder),Stroke - Manchester,NA,['Manchester'],ManchesterRichardWilliams_Stroke.csv
208,71444005,118689010,30000,G640,G640.00,Cerebral thrombosis,118689010,NA,32,Cerebral thrombosis,Stroke - Manchester,NA,['Caliber AND Either (efi OR Lauren_codelist) AND Manchester'],StrokeIschaemic_Caliber_EFI_LaurenCombined_v3.csv And ManchesterRichardWilliams_Stroke.csv
209,720261501000119040,NA,NA,NA,NA,NA,NA,NA,NA,Cerebrovascular accident due to occlusion of bilateral anterior cerebral arteries (disorder),Stroke - Manchester,NA,['Manchester'],ManchesterRichardWilliams_Stroke.csv
210,723082006,7839991000006115,90,^ESCTSI783999,NA,Silent cerebral infarct,3334556014,NA,32,Silent cerebral infarct (disorder),Stroke - Manchester,NA,['Manchester'],ManchesterRichardWilliams_Stroke.csv
211,724424009,7855631000006111,100,^ESCTCE785563,NA,Cerebral ischaemic stroke due to small artery occlusion,3438036013,NA,32,Cerebral ischemic stroke due to small artery occlusion (disorder),Stroke - Manchester,NA,['Caliber AND Either (efi OR Lauren_codelist) AND Manchester'],StrokeIschaemic_Caliber_EFI_LaurenCombined_v3.csv And ManchesterRichardWilliams_Stroke.csv
212,724424009,7855641000006118,1,^ESCTCE785564,NA,Cerebral ischemic stroke due to small artery occlusion,3438035012,NA,32,Cerebral ischemic stroke due to small artery occlusion (disorder),Stroke - Manchester,NA,['Caliber AND Either (efi OR Lauren_codelist) AND Manchester'],StrokeIschaemic_Caliber_EFI_LaurenCombined_v3.csv And ManchesterRichardWilliams_Stroke.csv
213,732330000000000000,NA,NA,NA,NA,NA,NA,NA,NA,Cerebrovascular accident due to embolism of bilateral vertebral arteries (disorder),Stroke - Manchester,NA,['Manchester'],ManchesterRichardWilliams_Stroke.csv
214,734383005,3511959014,100,^ESCT1164367,NA,Thrombosis of left middle cerebral artery,3511959014,NA,32,Thrombosis of left middle cerebral artery (disorder),Stroke - Manchester,NA,['Caliber AND Either (efi OR Lauren_codelist) AND Manchester'],StrokeIschaemic_Caliber_EFI_LaurenCombined_v3.csv And ManchesterRichardWilliams_Stroke.csv
215,734384004,3511955015,90,^ESCT1164369,NA,Thrombosis of right middle cerebral artery,3511955015,NA,32,Thrombosis of right middle cerebral artery (disorder),Stroke - Manchester,NA,['Caliber AND Either (efi OR Lauren_codelist) AND Manchester'],StrokeIschaemic_Caliber_EFI_LaurenCombined_v3.csv And ManchesterRichardWilliams_Stroke.csv
216,734384004,3505881015,3,^ESCT1164370,NA,Right middle cerebral artery thrombosis,3505881015,NA,32,Thrombosis of right middle cerebral artery (disorder),Stroke - Manchester,NA,['Caliber AND Either (efi OR Lauren_codelist) AND Manchester'],StrokeIschaemic_Caliber_EFI_LaurenCombined_v3.csv And ManchesterRichardWilliams_Stroke.csv
217,734961002,3512170017,6,^ESCT1164935,NA,Embolus of left posterior cerebral artery,3512170017,NA,32,Embolus of left posterior cerebral artery (disorder),Stroke - Manchester,NA,['Manchester'],ManchesterRichardWilliams_Stroke.csv
218,734963004,3512174014,9,^ESCT1164936,NA,Embolus of right posterior cerebral artery,3512174014,NA,32,Embolus of right posterior cerebral artery (disorder),Stroke - Manchester,NA,['Manchester'],ManchesterRichardWilliams_Stroke.csv
219,734964005,3512176011,40,^ESCT1164937,NA,Embolus of left middle cerebral artery,3512176011,NA,32,Embolus of left middle cerebral artery (disorder),Stroke - Manchester,NA,['Manchester'],ManchesterRichardWilliams_Stroke.csv
220,734965006,3512178012,30,^ESCT1164938,NA,Embolus of right middle cerebral artery,3512178012,NA,32,Embolus of right middle cerebral artery (disorder),Stroke - Manchester,NA,['Manchester'],ManchesterRichardWilliams_Stroke.csv
221,738211801000119040,NA,NA,NA,NA,NA,NA,NA,NA,Acute cerebrovascular accident due to thrombosis of right middle cerebral artery (disorder),Stroke - Manchester,NA,['Manchester'],ManchesterRichardWilliams_Stroke.csv
222,738478141000119040,NA,NA,NA,NA,NA,NA,NA,NA,Acute cerebrovascular accident due to occlusion of right cerebellar artery (disorder),Stroke - Manchester,NA,['Manchester'],ManchesterRichardWilliams_Stroke.csv
223,75543006,125470015,7000,G641,G641.00,Cerebral embolism,125470015,NA,32,Cerebral embolism,Stroke - Manchester,NA,['Caliber AND Either (efi OR Lauren_codelist) AND Manchester'],StrokeIschaemic_Caliber_EFI_LaurenCombined_v3.csv And ManchesterRichardWilliams_Stroke.csv
224,75543006,542831000006116,400,G641-1,G641.11,Cerebral embolus,125470015,NA,32,Cerebral embolism,Stroke - Manchester,NA,['Caliber AND Either (efi OR Lauren_codelist) AND Manchester'],StrokeIschaemic_Caliber_EFI_LaurenCombined_v3.csv And ManchesterRichardWilliams_Stroke.csv
225,75543006,3728451000006116,1,^ESCTCE372845,NA,Cerebral arterial embolism,125471016,NA,32,Cerebral embolism,Stroke - Manchester,NA,['Caliber AND Either (efi OR Lauren_codelist) AND Manchester'],StrokeIschaemic_Caliber_EFI_LaurenCombined_v3.csv And ManchesterRichardWilliams_Stroke.csv
226,759950981000119040,NA,NA,NA,NA,NA,NA,NA,NA,Cerebrovascular accident due to thrombosis of left vertebral artery (disorder),Stroke - Manchester,NA,['Manchester'],ManchesterRichardWilliams_Stroke.csv
227,762005171000119040,NA,NA,NA,NA,NA,NA,NA,NA,Acute cerebrovascular accident due to ischemia (disorder),Stroke - Manchester,NA,['Manchester'],ManchesterRichardWilliams_Stroke.csv
228,762629007,3636969013,5,^ESCT1169370,NA,Occlusion of right middle cerebral artery by embolus,3636969013,NA,32,Occlusion of right middle cerebral artery by embolus (disorder),Stroke - Manchester,NA,['Manchester'],ManchesterRichardWilliams_Stroke.csv
229,762630002,3636970014,2,^ESCT1169371,NA,Occlusion of left middle cerebral artery by embolus,3636970014,NA,32,Occlusion of left middle cerebral artery by embolus (disorder),Stroke - Manchester,NA,['Manchester'],ManchesterRichardWilliams_Stroke.csv
230,762651004,NA,NA,NA,NA,NA,NA,NA,NA,Occlusion of right posterior cerebral artery by embolus (disorder),Stroke - Manchester,NA,['Manchester'],ManchesterRichardWilliams_Stroke.csv
231,762652006,NA,NA,NA,NA,NA,NA,NA,NA,Occlusion of left posterior cerebral artery by embolus (disorder),Stroke - Manchester,NA,['Manchester'],ManchesterRichardWilliams_Stroke.csv
232,78569004,3778021000006116,30,^ESCTLM377802,NA,LMS - Lateral medullary syndrome,1234269010,NA,32,Posterior inferior cerebellar artery syndrome,Stroke - Manchester,NA,['Caliber AND Either (efi OR Lauren_codelist) AND Manchester'],StrokeIschaemic_Caliber_EFI_LaurenCombined_v3.csv And ManchesterRichardWilliams_Stroke.csv
233,78569004,3777981000006119,20,^ESCTPO377798,NA,Posterior inferior cerebellar artery syndrome,130373013,NA,32,Posterior inferior cerebellar artery syndrome,Stroke - Manchester,NA,['Caliber AND Either (efi OR Lauren_codelist) AND Manchester'],StrokeIschaemic_Caliber_EFI_LaurenCombined_v3.csv And ManchesterRichardWilliams_Stroke.csv
234,78569004,57341000006119,400,G64z1,G64z100,Wallenberg's syndrome,130374019,NA,32,Posterior inferior cerebellar artery syndrome,Stroke - Manchester,NA,['Caliber AND Either (efi OR Lauren_codelist) AND Manchester'],StrokeIschaemic_Caliber_EFI_LaurenCombined_v3.csv And ManchesterRichardWilliams_Stroke.csv
235,78569004,130375018,1000,G64z1-1,G64z111,Lateral medullary syndrome,130375018,NA,32,Posterior inferior cerebellar artery syndrome,Stroke - Manchester,NA,['Caliber AND Either (efi OR Lauren_codelist) AND Manchester'],StrokeIschaemic_Caliber_EFI_LaurenCombined_v3.csv And ManchesterRichardWilliams_Stroke.csv
236,788310011000119040,NA,NA,NA,NA,NA,NA,NA,NA,Acute cerebrovascular accident due to occlusion of left cerebellar artery (disorder),Stroke - Manchester,NA,['Manchester'],ManchesterRichardWilliams_Stroke.csv
237,788455001,13905301000006116,3,^ESCT1390530,NA,Bilateral occlusion of pontine arteries,3780986012,NA,32,Occlusion of bilateral pontine arteries (disorder),Stroke - Manchester,NA,['Manchester'],ManchesterRichardWilliams_Stroke.csv
238,788880006,13909861000006114,50,^ESCT1390986,NA,Cerebral ischaemic stroke due to dissection of artery,3787578016,NA,32,Cerebral ischemic stroke due to dissection of artery (disorder),Stroke - Manchester,NA,['Manchester'],ManchesterRichardWilliams_Stroke.csv
239,788881005,13909871000006119,1,^ESCT1390987,NA,Cerebral ischaemic stroke due to aortic arch embolism,3786063014,NA,32,Cerebral ischemic stroke due to aortic arch embolism (disorder),Stroke - Manchester,NA,['Manchester'],ManchesterRichardWilliams_Stroke.csv
240,788882003,13909881000006116,80,^ESCT1390988,NA,Cerebral ischaemic stroke due to global hypoperfusion with watershed infarct,3786067010,NA,32,Cerebral ischemic stroke due to global hypoperfusion with watershed infarct (disorder),Stroke - Manchester,NA,['Manchester'],ManchesterRichardWilliams_Stroke.csv
241,788883008,13909891000006118,2,^ESCT1390989,NA,Cerebral ischaemic stroke due to hypercoagulable state,3786069013,NA,32,Cerebral ischemic stroke due to hypercoagulable state (disorder),Stroke - Manchester,NA,['Manchester'],ManchesterRichardWilliams_Stroke.csv
242,788884002,13909901000006119,100,^ESCT1390990,NA,Cerebral ischaemic stroke co-occurrent with subarachnoid haemorrhage,3786072018,NA,32,Cerebral ischemic stroke due to subarachnoid hemorrhage (disorder),Stroke - Manchester,NA,['Manchester'],ManchesterRichardWilliams_Stroke.csv
243,806161651000119040,NA,NA,NA,NA,NA,NA,NA,NA,Cerebrovascular accident due to embolism of right vertebral artery (disorder),Stroke - Manchester,NA,['Manchester'],ManchesterRichardWilliams_Stroke.csv
244,828066161000119040,NA,NA,NA,NA,NA,NA,NA,NA,Cerebrovascular accident due to thrombosis of right anterior cerebral artery (disorder),Stroke - Manchester,NA,['Manchester'],ManchesterRichardWilliams_Stroke.csv
245,849488701000119040,NA,NA,NA,NA,NA,NA,NA,NA,Cerebrovascular accident due to embolism of right anterior cerebral artery (disorder),Stroke - Manchester,NA,['Manchester'],ManchesterRichardWilliams_Stroke.csv
246,849579281000119040,NA,NA,NA,NA,NA,NA,NA,NA,Cerebrovascular accident due to occlusion of right posterior communicating artery (disorder),Stroke - Manchester,NA,['Manchester'],ManchesterRichardWilliams_Stroke.csv
247,851365731000119040,NA,NA,NA,NA,NA,NA,NA,NA,Cerebrovascular accident due to thrombosis of left posterior cerebral artery (disorder),Stroke - Manchester,NA,['Manchester'],ManchesterRichardWilliams_Stroke.csv
248,859422751000119040,NA,NA,NA,NA,NA,NA,NA,NA,Cerebrovascular accident due to embolism of left carotid artery (disorder),Stroke - Manchester,NA,['Manchester'],ManchesterRichardWilliams_Stroke.csv
249,86553761000119104,NA,NA,NA,NA,NA,NA,NA,NA,Cerebrovascular accident due to occlusion of bilateral posterior cerebral arteries (disorder),Stroke - Manchester,NA,['Manchester'],ManchesterRichardWilliams_Stroke.csv
250,870544005,13966821000006114,5,^ESCT1396682,NA,Occlusion of distal basilar artery,3970077012,NA,32,Occlusion of distal basilar artery (disorder),Stroke - Manchester,NA,['Manchester'],ManchesterRichardWilliams_Stroke.csv
251,870579007,13967201000006117,10,^ESCT1396720,NA,Occlusion of branch of basilar artery,3970236017,NA,32,Occlusion of branch of basilar artery (disorder),Stroke - Manchester,NA,['Manchester'],ManchesterRichardWilliams_Stroke.csv
252,87555007,NA,NA,NA,NA,NA,NA,NA,NA,Claude's syndrome (disorder),Stroke - Manchester,NA,['Caliber AND Either (efi OR Lauren_codelist) AND Manchester'],StrokeIschaemic_Caliber_EFI_LaurenCombined_v3.csv And ManchesterRichardWilliams_Stroke.csv
253,898941951000119040,NA,NA,NA,NA,NA,NA,NA,NA,Cerebrovascular accident due to occlusion of bilateral vertebral arteries (disorder),Stroke - Manchester,NA,['Manchester'],ManchesterRichardWilliams_Stroke.csv
254,915141931000119040,NA,NA,NA,NA,NA,NA,NA,NA,Cerebrovascular accident due to embolism of basilar artery (disorder),Stroke - Manchester,NA,['Manchester'],ManchesterRichardWilliams_Stroke.csv
255,931164671000119040,NA,NA,NA,NA,NA,NA,NA,NA,Acute cerebrovascular accident due to embolism of right middle cerebral artery (disorder),Stroke - Manchester,NA,['Manchester'],ManchesterRichardWilliams_Stroke.csv
256,936648941000119040,NA,NA,NA,NA,NA,NA,NA,NA,Acute cerebrovascular accident due to embolism of left middle cerebral artery (disorder),Stroke - Manchester,NA,['Manchester'],ManchesterRichardWilliams_Stroke.csv
257,939885431000119040,NA,NA,NA,NA,NA,NA,NA,NA,Cerebrovascular accident due to embolism of bilateral middle cerebral arteries (disorder),Stroke - Manchester,NA,['Manchester'],ManchesterRichardWilliams_Stroke.csv
258,95457000,345650013,900,G64z-1,G64z.11,Brainstem infarction NOS,158113017,NA,32,Brainstem infarction,Stroke - Manchester,NA,['Caliber AND Either (efi OR Lauren_codelist) AND Manchester'],StrokeIschaemic_Caliber_EFI_LaurenCombined_v3.csv And ManchesterRichardWilliams_Stroke.csv
259,95457000,345650013,900,G64z-1,G64z.11,Brainstem infarction NOS,158113017,NA,32,Brainstem infarction NOS,Stroke - Manchester,NA,['Caliber AND Either (efi OR Lauren_codelist) AND Manchester'],StrokeIschaemic_Caliber_EFI_LaurenCombined_v3.csv And ManchesterRichardWilliams_Stroke.csv
260,95457000,524541000006117,5000,G64z0,G64z000,Brain stem infarction,158113017,NA,32,Brainstem infarction,Stroke - Manchester,NA,['Caliber AND Either (efi OR Lauren_codelist) AND Manchester'],StrokeIschaemic_Caliber_EFI_LaurenCombined_v3.csv And ManchesterRichardWilliams_Stroke.csv
261,95457000,524541000006117,5000,G64z0,G64z000,Brain stem infarction,158113017,NA,32,Brainstem infarction NOS,Stroke - Manchester,NA,['Caliber AND Either (efi OR Lauren_codelist) AND Manchester'],StrokeIschaemic_Caliber_EFI_LaurenCombined_v3.csv And ManchesterRichardWilliams_Stroke.csv
262,95457000,4057041000006110,2,^ESCTBR405704,NA,Brain stem stroke,2966556014,NA,32,Brainstem infarction,Stroke - Manchester,NA,['Caliber AND Either (efi OR Lauren_codelist) AND Manchester'],StrokeIschaemic_Caliber_EFI_LaurenCombined_v3.csv And ManchesterRichardWilliams_Stroke.csv
263,95457000,4057041000006110,2,^ESCTBR405704,NA,Brain stem stroke,2966556014,NA,32,Brainstem infarction NOS,Stroke - Manchester,NA,['Caliber AND Either (efi OR Lauren_codelist) AND Manchester'],StrokeIschaemic_Caliber_EFI_LaurenCombined_v3.csv And ManchesterRichardWilliams_Stroke.csv
264,95457000,4057051000006112,2,^ESCTIN405705,NA,Infarction of brain stem,2966602014,NA,32,Brainstem infarction,Stroke - Manchester,NA,['Caliber AND Either (efi OR Lauren_codelist) AND Manchester'],StrokeIschaemic_Caliber_EFI_LaurenCombined_v3.csv And ManchesterRichardWilliams_Stroke.csv
265,95457000,4057051000006112,2,^ESCTIN405705,NA,Infarction of brain stem,2966602014,NA,32,Brainstem infarction NOS,Stroke - Manchester,NA,['Caliber AND Either (efi OR Lauren_codelist) AND Manchester'],StrokeIschaemic_Caliber_EFI_LaurenCombined_v3.csv And ManchesterRichardWilliams_Stroke.csv
266,95457000,4057031000006117,4,^ESCTBR405703,NA,Brain stem infarct,158114011,NA,32,Brainstem infarction,Stroke - Manchester,NA,['Caliber AND Either (efi OR Lauren_codelist) AND Manchester'],StrokeIschaemic_Caliber_EFI_LaurenCombined_v3.csv And ManchesterRichardWilliams_Stroke.csv
267,95457000,4057031000006117,4,^ESCTBR405703,NA,Brain stem infarct,158114011,NA,32,Brainstem infarction NOS,Stroke - Manchester,NA,['Caliber AND Either (efi OR Lauren_codelist) AND Manchester'],StrokeIschaemic_Caliber_EFI_LaurenCombined_v3.csv And ManchesterRichardWilliams_Stroke.csv
268,95460007,158118014,40000,G64z-2,G64z.12,Cerebellar infarction,158118014,NA,32,Cerebellar infarction,Stroke - Manchester,NA,['Caliber AND Either (efi OR Lauren_codelist) AND Manchester'],StrokeIschaemic_Caliber_EFI_LaurenCombined_v3.csv And ManchesterRichardWilliams_Stroke.csv
269,957319791000119040,NA,NA,NA,NA,NA,NA,NA,NA,Cerebrovascular accident due to thrombosis of left cerebellar artery (disorder),Stroke - Manchester,NA,['Manchester'],ManchesterRichardWilliams_Stroke.csv
270,99451000119105,8031281000006118,7,^ESCTCE803128,NA,Cerebral infarction due to stenosis of carotid artery,2967601013,NA,32,Cerebral infarction due to stenosis of carotid artery (disorder),Stroke - Manchester,NA,['Manchester'],ManchesterRichardWilliams_Stroke.csv
271,99451000119105,8031281000006118,7,^ESCTCE803128,NA,Cerebral infarction due to stenosis of carotid artery,2967601013,NA,32,Cerebral infarction due to stenosis of carotid artery (disorder),Stroke - Manchester,NA,['Manchester'],ManchesterRichardWilliams_Stroke.csv