,SnomedCTConceptId,medcodeid,Observations,OrigReadCode,CleansedReadCode,Term.x,SnomedDescriptionId,Release,EmisCodeCategoryId,Term.y,Disease,Otherinstructions,origin,Comments
1,10971000087107,NA,NA,NA,NA,NA,NA,NA,NA,Myocardial ischemia during surgery (disorder),Angina,??,['Caliber'],covid_impact_ccu00201_angina_England_SNOMEDCT.csv
2,15960061000119102,9868461000006110,40,^ESCTUN986846,NA,Unstable angina co-occurrent and due to coronary arteriosclerosis,3323416014,NA,32,Unstable angina co-occurrent and due to coronary arteriosclerosis (disorder),Coronary Heart Disease,,['ManchesterGitHub'],coronary-heart-disease.snomed.txt
3,15960141000119102,9868481000006117,1,^ESCTAN986848,NA,Angina co-occurrent and due to coronary arteriosclerosis,3323422017,NA,32,Angina co-occurrent and due to coronary arteriosclerosis (disorder),Coronary Heart Disease,,['ManchesterGitHub'],coronary-heart-disease.snomed.txt
4,15960341000119104,14179491000006111,4,^ESCT1417949,NA,Unstable angina due to arteriosclerosis of coronary artery bypass graft of transplanted heart,3991458017,NA,32,Unstable angina due to arteriosclerosis of coronary artery bypass graft of transplanted heart (disorder),Coronary Heart Disease,,['ManchesterGitHub'],coronary-heart-disease.snomed.txt
5,15960381000119108,NA,NA,NA,NA,NA,NA,NA,NA,Angina co-occurrent and due to arteriosclerosis of coronary artery bypass graft (disorder),Coronary Heart Disease,,['ManchesterGitHub'],coronary-heart-disease.snomed.txt
6,15960461000119104,NA,NA,NA,NA,NA,NA,NA,NA,Unstable angina due to arteriosclerosis of autologous arterial coronary artery bypass graft (disorder),Coronary Heart Disease,,['ManchesterGitHub'],coronary-heart-disease.snomed.txt
7,15960541000119108,NA,NA,NA,NA,NA,NA,NA,NA,Unstable angina due to arteriosclerosis of autologous vein coronary artery bypass graft (disorder),Coronary Heart Disease,,['ManchesterGitHub'],coronary-heart-disease.snomed.txt
8,15960581000119102,12125951000006116,1,^ESCT1212595,NA,Arteriosclerosis of autologous vein coronary artery bypass graft with angina,3645095017,NA,32,Angina co-occurrent and due to arteriosclerosis of autologous vein coronary artery bypass graft (disorder),Coronary Heart Disease,,['ManchesterGitHub'],coronary-heart-disease.snomed.txt
9,15960661000119108,NA,NA,NA,NA,NA,NA,NA,NA,Unstable angina co-occurrent and due to arteriosclerosis of coronary artery bypass graft (disorder),Coronary Heart Disease,,['ManchesterGitHub'],coronary-heart-disease.snomed.txt
10,15960741000119104,NA,NA,NA,NA,NA,NA,NA,NA,Preinfarction syndrome due to arteriosclerosis of nonautologous biological coronary artery bypass graft (disorder),Angina,,['ManchesterGitHub'],angina.snomed.txt
11,161504004,4540501000006118,4,^ESCTHI454050,NA,History of angina pectoris,2986318019,NA,32,H/O: angina pectoris,Stable Angina AND Unstable Angina,,['efi AND Lauren_codelist'],eFI2 SNOMED CT 0.24 Renamed ConditionsPowerQuery_separateOut.csv AND snomed_for_LW_codelist_using_Pieta_powerQuery_separateOut.csv
12,161504004,251679016,100000,14A5,14A5.00,H/O: angina pectoris,251679016,NA,32,H/O: angina pectoris,Stable Angina AND Unstable Angina,,['efi AND Lauren_codelist'],eFI2 SNOMED CT 0.24 Renamed ConditionsPowerQuery_separateOut.csv AND snomed_for_LW_codelist_using_Pieta_powerQuery_separateOut.csv
13,16754391000119100,NA,NA,NA,NA,NA,NA,NA,NA,Stable angina due to coronary arteriosclerosis (disorder),Angina,,['ManchesterGitHub'],angina.snomed.txt
14,170593007,264497018,7000,662Kz,662Kz00,Angina control NOS,264492012,NA,1,Angina control NOS,Stable Angina AND Unstable Angina,,['Lauren_codelist'],snomed_for_LW_codelist_using_Pieta_powerQuery_separateOut.csv
15,170593007,264497018,7000,662Kz,662Kz00,Angina control NOS,264492012,NA,1,Angina control,Stable Angina AND Unstable Angina,,['Lauren_codelist'],snomed_for_LW_codelist_using_Pieta_powerQuery_separateOut.csv
16,170593007,264492012,100000,662K,662K.00,Angina control,264492012,NA,1,Angina control NOS,Stable Angina AND Unstable Angina,,['Lauren_codelist'],snomed_for_LW_codelist_using_Pieta_powerQuery_separateOut.csv
17,170593007,264492012,100000,662K,662K.00,Angina control,264492012,NA,1,Angina control,Stable Angina AND Unstable Angina,,['Lauren_codelist'],snomed_for_LW_codelist_using_Pieta_powerQuery_separateOut.csv
18,170594001,264493019,500000,662K0,662K000,Angina control - good,264493019,NA,1,Angina control - good,Stable Angina AND Unstable Angina,,['efi AND Lauren_codelist'],eFI2 SNOMED CT 0.24 Renamed ConditionsPowerQuery_separateOut.csv AND snomed_for_LW_codelist_using_Pieta_powerQuery_separateOut.csv
19,170595000,264494013,20000,662K1,662K100,Angina control - poor,264494013,NA,1,Angina control - poor,Stable Angina AND Unstable Angina,,['efi AND Lauren_codelist'],eFI2 SNOMED CT 0.24 Renamed ConditionsPowerQuery_separateOut.csv AND snomed_for_LW_codelist_using_Pieta_powerQuery_separateOut.csv
20,170596004,264495014,20000,662K2,662K200,Angina control - improving,264495014,NA,1,Angina control - improving,Stable Angina AND Unstable Angina,,['Lauren_codelist'],snomed_for_LW_codelist_using_Pieta_powerQuery_separateOut.csv
21,170597008,264496010,20000,662K3,662K300,Angina control - worsening,264496010,NA,1,Angina control - worsening,Stable Angina AND Unstable Angina,,['efi AND Lauren_codelist'],eFI2 SNOMED CT 0.24 Renamed ConditionsPowerQuery_separateOut.csv AND snomed_for_LW_codelist_using_Pieta_powerQuery_separateOut.csv
22,19057007,32122016,50,G33z0,G33z000,Status anginosus,32122016,NA,32,Status anginosus,Stable Angina AND Unstable Angina,,['efi AND Lauren_codelist'],eFI2 SNOMED CT 0.24 Renamed ConditionsPowerQuery_separateOut.csv AND snomed_for_LW_codelist_using_Pieta_powerQuery_separateOut.csv
23,19057007,32122016,50,G33z0,G33z000,Status anginosus,32122016,NA,32,Status anginosus,Stable Angina AND Unstable Angina,,['efi AND Lauren_codelist'],eFI2 SNOMED CT 0.24 Renamed ConditionsPowerQuery_separateOut.csv AND snomed_for_LW_codelist_using_Pieta_powerQuery_separateOut.csv
24,194814006,NA,NA,NA,NA,NA,NA,NA,NA,(Angina: [crescendo] or [unstable] or [at rest]) or (preinfarction syndrome) or (impending infarction),Coronary Heart Disease,,['ManchesterGitHub'],coronary-heart-disease.snomed.txt
25,194823009,931961000006117,200,G31y0-99,G31y099,Acute coronary syndrome,931961000006117,NA,32,Acute coronary insufficiency (disorder),Angina,,['ManchesterGitHub'],angina.snomed.txt
26,194823009,299745015,10000,G31y0,G31y000,Acute coronary insufficiency,299745015,NA,32,Acute coronary insufficiency (disorder),Angina,,['ManchesterGitHub'],angina.snomed.txt
27,194828000,4776031000006115,40,^ESCTIS477603,NA,Ischaemic heart disease - angina,299762013,NA,32,Angina pectoris,Stable Angina AND Unstable Angina,,['efi AND Lauren_codelist'],eFI2 SNOMED CT 0.24 Renamed ConditionsPowerQuery_separateOut.csv AND snomed_for_LW_codelist_using_Pieta_powerQuery_separateOut.csv
28,194828000,4776031000006115,40,^ESCTIS477603,NA,Ischaemic heart disease - angina,299762013,NA,32,[X]Other forms of angina pectoris,Stable Angina AND Unstable Angina,,['efi AND Lauren_codelist'],eFI2 SNOMED CT 0.24 Renamed ConditionsPowerQuery_separateOut.csv AND snomed_for_LW_codelist_using_Pieta_powerQuery_separateOut.csv
29,194828000,4776031000006115,40,^ESCTIS477603,NA,Ischaemic heart disease - angina,299762013,NA,32,Stenocardia,Stable Angina AND Unstable Angina,,['efi AND Lauren_codelist'],eFI2 SNOMED CT 0.24 Renamed ConditionsPowerQuery_separateOut.csv AND snomed_for_LW_codelist_using_Pieta_powerQuery_separateOut.csv
30,194828000,4776031000006115,40,^ESCTIS477603,NA,Ischaemic heart disease - angina,299762013,NA,32,Angina pectoris NOS,Stable Angina AND Unstable Angina,,['efi AND Lauren_codelist'],eFI2 SNOMED CT 0.24 Renamed ConditionsPowerQuery_separateOut.csv AND snomed_for_LW_codelist_using_Pieta_powerQuery_separateOut.csv
31,194828000,4775971000006114,1000,^ESCTAN477597,NA,Angina,299755016,NA,32,Angina pectoris,Stable Angina AND Unstable Angina,,['efi AND Lauren_codelist'],eFI2 SNOMED CT 0.24 Renamed ConditionsPowerQuery_separateOut.csv AND snomed_for_LW_codelist_using_Pieta_powerQuery_separateOut.csv
32,194828000,4775971000006114,1000,^ESCTAN477597,NA,Angina,299755016,NA,32,[X]Other forms of angina pectoris,Stable Angina AND Unstable Angina,,['efi AND Lauren_codelist'],eFI2 SNOMED CT 0.24 Renamed ConditionsPowerQuery_separateOut.csv AND snomed_for_LW_codelist_using_Pieta_powerQuery_separateOut.csv
33,194828000,4775971000006114,1000,^ESCTAN477597,NA,Angina,299755016,NA,32,Stenocardia,Stable Angina AND Unstable Angina,,['efi AND Lauren_codelist'],eFI2 SNOMED CT 0.24 Renamed ConditionsPowerQuery_separateOut.csv AND snomed_for_LW_codelist_using_Pieta_powerQuery_separateOut.csv
34,194828000,4775971000006114,1000,^ESCTAN477597,NA,Angina,299755016,NA,32,Angina pectoris NOS,Stable Angina AND Unstable Angina,,['efi AND Lauren_codelist'],eFI2 SNOMED CT 0.24 Renamed ConditionsPowerQuery_separateOut.csv AND snomed_for_LW_codelist_using_Pieta_powerQuery_separateOut.csv
35,194828000,300874013,300,Gyu30,Gyu3000,[X]Other forms of angina pectoris,299757012,NA,32,Angina pectoris,Stable Angina AND Unstable Angina,,['efi AND Lauren_codelist'],eFI2 SNOMED CT 0.24 Renamed ConditionsPowerQuery_separateOut.csv AND snomed_for_LW_codelist_using_Pieta_powerQuery_separateOut.csv
36,194828000,300874013,300,Gyu30,Gyu3000,[X]Other forms of angina pectoris,299757012,NA,32,[X]Other forms of angina pectoris,Stable Angina AND Unstable Angina,,['efi AND Lauren_codelist'],eFI2 SNOMED CT 0.24 Renamed ConditionsPowerQuery_separateOut.csv AND snomed_for_LW_codelist_using_Pieta_powerQuery_separateOut.csv
37,194828000,300874013,300,Gyu30,Gyu3000,[X]Other forms of angina pectoris,299757012,NA,32,Stenocardia,Stable Angina AND Unstable Angina,,['efi AND Lauren_codelist'],eFI2 SNOMED CT 0.24 Renamed ConditionsPowerQuery_separateOut.csv AND snomed_for_LW_codelist_using_Pieta_powerQuery_separateOut.csv
38,194828000,300874013,300,Gyu30,Gyu3000,[X]Other forms of angina pectoris,299757012,NA,32,Angina pectoris NOS,Stable Angina AND Unstable Angina,,['efi AND Lauren_codelist'],eFI2 SNOMED CT 0.24 Renamed ConditionsPowerQuery_separateOut.csv AND snomed_for_LW_codelist_using_Pieta_powerQuery_separateOut.csv
39,194828000,4776021000006118,3,^ESCTIS477602,NA,Ischemic heart disease - angina,299761018,NA,32,Angina pectoris,Stable Angina AND Unstable Angina,,['efi AND Lauren_codelist'],eFI2 SNOMED CT 0.24 Renamed ConditionsPowerQuery_separateOut.csv AND snomed_for_LW_codelist_using_Pieta_powerQuery_separateOut.csv
40,194828000,4776021000006118,3,^ESCTIS477602,NA,Ischemic heart disease - angina,299761018,NA,32,[X]Other forms of angina pectoris,Stable Angina AND Unstable Angina,,['efi AND Lauren_codelist'],eFI2 SNOMED CT 0.24 Renamed ConditionsPowerQuery_separateOut.csv AND snomed_for_LW_codelist_using_Pieta_powerQuery_separateOut.csv
41,194828000,4776021000006118,3,^ESCTIS477602,NA,Ischemic heart disease - angina,299761018,NA,32,Stenocardia,Stable Angina AND Unstable Angina,,['efi AND Lauren_codelist'],eFI2 SNOMED CT 0.24 Renamed ConditionsPowerQuery_separateOut.csv AND snomed_for_LW_codelist_using_Pieta_powerQuery_separateOut.csv
42,194828000,4776021000006118,3,^ESCTIS477602,NA,Ischemic heart disease - angina,299761018,NA,32,Angina pectoris NOS,Stable Angina AND Unstable Angina,,['efi AND Lauren_codelist'],eFI2 SNOMED CT 0.24 Renamed ConditionsPowerQuery_separateOut.csv AND snomed_for_LW_codelist_using_Pieta_powerQuery_separateOut.csv
43,194828000,482941000006119,60000,G33z,G33z.00,Angina pectoris NOS,299757012,NA,32,Angina pectoris,Stable Angina AND Unstable Angina,,['efi AND Lauren_codelist'],eFI2 SNOMED CT 0.24 Renamed ConditionsPowerQuery_separateOut.csv AND snomed_for_LW_codelist_using_Pieta_powerQuery_separateOut.csv
44,194828000,482941000006119,60000,G33z,G33z.00,Angina pectoris NOS,299757012,NA,32,[X]Other forms of angina pectoris,Stable Angina AND Unstable Angina,,['efi AND Lauren_codelist'],eFI2 SNOMED CT 0.24 Renamed ConditionsPowerQuery_separateOut.csv AND snomed_for_LW_codelist_using_Pieta_powerQuery_separateOut.csv
45,194828000,482941000006119,60000,G33z,G33z.00,Angina pectoris NOS,299757012,NA,32,Stenocardia,Stable Angina AND Unstable Angina,,['efi AND Lauren_codelist'],eFI2 SNOMED CT 0.24 Renamed ConditionsPowerQuery_separateOut.csv AND snomed_for_LW_codelist_using_Pieta_powerQuery_separateOut.csv
46,194828000,482941000006119,60000,G33z,G33z.00,Angina pectoris NOS,299757012,NA,32,Angina pectoris NOS,Stable Angina AND Unstable Angina,,['efi AND Lauren_codelist'],eFI2 SNOMED CT 0.24 Renamed ConditionsPowerQuery_separateOut.csv AND snomed_for_LW_codelist_using_Pieta_powerQuery_separateOut.csv
47,194828000,299757012,3000000,G33,G33..00,Angina pectoris,299757012,NA,32,Angina pectoris,Stable Angina AND Unstable Angina,,['efi AND Lauren_codelist'],eFI2 SNOMED CT 0.24 Renamed ConditionsPowerQuery_separateOut.csv AND snomed_for_LW_codelist_using_Pieta_powerQuery_separateOut.csv
48,194828000,299757012,3000000,G33,G33..00,Angina pectoris,299757012,NA,32,[X]Other forms of angina pectoris,Stable Angina AND Unstable Angina,,['efi AND Lauren_codelist'],eFI2 SNOMED CT 0.24 Renamed ConditionsPowerQuery_separateOut.csv AND snomed_for_LW_codelist_using_Pieta_powerQuery_separateOut.csv
49,194828000,299757012,3000000,G33,G33..00,Angina pectoris,299757012,NA,32,Stenocardia,Stable Angina AND Unstable Angina,,['efi AND Lauren_codelist'],eFI2 SNOMED CT 0.24 Renamed ConditionsPowerQuery_separateOut.csv AND snomed_for_LW_codelist_using_Pieta_powerQuery_separateOut.csv
50,194828000,299757012,3000000,G33,G33..00,Angina pectoris,299757012,NA,32,Angina pectoris NOS,Stable Angina AND Unstable Angina,,['efi AND Lauren_codelist'],eFI2 SNOMED CT 0.24 Renamed ConditionsPowerQuery_separateOut.csv AND snomed_for_LW_codelist_using_Pieta_powerQuery_separateOut.csv
51,194828000,299765010,50000,G33zz,G33zz00,Angina pectoris NOS,299757012,NA,32,Angina pectoris,Stable Angina AND Unstable Angina,,['efi AND Lauren_codelist'],eFI2 SNOMED CT 0.24 Renamed ConditionsPowerQuery_separateOut.csv AND snomed_for_LW_codelist_using_Pieta_powerQuery_separateOut.csv
52,194828000,299765010,50000,G33zz,G33zz00,Angina pectoris NOS,299757012,NA,32,[X]Other forms of angina pectoris,Stable Angina AND Unstable Angina,,['efi AND Lauren_codelist'],eFI2 SNOMED CT 0.24 Renamed ConditionsPowerQuery_separateOut.csv AND snomed_for_LW_codelist_using_Pieta_powerQuery_separateOut.csv
53,194828000,299765010,50000,G33zz,G33zz00,Angina pectoris NOS,299757012,NA,32,Stenocardia,Stable Angina AND Unstable Angina,,['efi AND Lauren_codelist'],eFI2 SNOMED CT 0.24 Renamed ConditionsPowerQuery_separateOut.csv AND snomed_for_LW_codelist_using_Pieta_powerQuery_separateOut.csv
54,194828000,299765010,50000,G33zz,G33zz00,Angina pectoris NOS,299757012,NA,32,Angina pectoris NOS,Stable Angina AND Unstable Angina,,['efi AND Lauren_codelist'],eFI2 SNOMED CT 0.24 Renamed ConditionsPowerQuery_separateOut.csv AND snomed_for_LW_codelist_using_Pieta_powerQuery_separateOut.csv
55,194828000,299758019,40,G33z1,G33z100,Stenocardia,299758019,NA,32,Angina pectoris,Stable Angina AND Unstable Angina,,['efi AND Lauren_codelist'],eFI2 SNOMED CT 0.24 Renamed ConditionsPowerQuery_separateOut.csv AND snomed_for_LW_codelist_using_Pieta_powerQuery_separateOut.csv
56,194828000,299758019,40,G33z1,G33z100,Stenocardia,299758019,NA,32,[X]Other forms of angina pectoris,Stable Angina AND Unstable Angina,,['efi AND Lauren_codelist'],eFI2 SNOMED CT 0.24 Renamed ConditionsPowerQuery_separateOut.csv AND snomed_for_LW_codelist_using_Pieta_powerQuery_separateOut.csv
57,194828000,299758019,40,G33z1,G33z100,Stenocardia,299758019,NA,32,Stenocardia,Stable Angina AND Unstable Angina,,['efi AND Lauren_codelist'],eFI2 SNOMED CT 0.24 Renamed ConditionsPowerQuery_separateOut.csv AND snomed_for_LW_codelist_using_Pieta_powerQuery_separateOut.csv
58,194828000,299758019,40,G33z1,G33z100,Stenocardia,299758019,NA,32,Angina pectoris NOS,Stable Angina AND Unstable Angina,,['efi AND Lauren_codelist'],eFI2 SNOMED CT 0.24 Renamed ConditionsPowerQuery_separateOut.csv AND snomed_for_LW_codelist_using_Pieta_powerQuery_separateOut.csv
59,194828000,4775981000006112,2,^ESCTCA477598,NA,Cardiac angina,299756015,NA,32,Angina pectoris,Stable Angina AND Unstable Angina,,['efi AND Lauren_codelist'],eFI2 SNOMED CT 0.24 Renamed ConditionsPowerQuery_separateOut.csv AND snomed_for_LW_codelist_using_Pieta_powerQuery_separateOut.csv
60,194828000,4775981000006112,2,^ESCTCA477598,NA,Cardiac angina,299756015,NA,32,[X]Other forms of angina pectoris,Stable Angina AND Unstable Angina,,['efi AND Lauren_codelist'],eFI2 SNOMED CT 0.24 Renamed ConditionsPowerQuery_separateOut.csv AND snomed_for_LW_codelist_using_Pieta_powerQuery_separateOut.csv
61,194828000,4775981000006112,2,^ESCTCA477598,NA,Cardiac angina,299756015,NA,32,Stenocardia,Stable Angina AND Unstable Angina,,['efi AND Lauren_codelist'],eFI2 SNOMED CT 0.24 Renamed ConditionsPowerQuery_separateOut.csv AND snomed_for_LW_codelist_using_Pieta_powerQuery_separateOut.csv
62,194828000,4775981000006112,2,^ESCTCA477598,NA,Cardiac angina,299756015,NA,32,Angina pectoris NOS,Stable Angina AND Unstable Angina,,['efi AND Lauren_codelist'],eFI2 SNOMED CT 0.24 Renamed ConditionsPowerQuery_separateOut.csv AND snomed_for_LW_codelist_using_Pieta_powerQuery_separateOut.csv
63,194828000,4776001000006111,7,^ESCTAN477600,NA,Anginal syndrome,299759010,NA,32,Angina pectoris,Stable Angina AND Unstable Angina,,['efi AND Lauren_codelist'],eFI2 SNOMED CT 0.24 Renamed ConditionsPowerQuery_separateOut.csv AND snomed_for_LW_codelist_using_Pieta_powerQuery_separateOut.csv
64,194828000,4776001000006111,7,^ESCTAN477600,NA,Anginal syndrome,299759010,NA,32,[X]Other forms of angina pectoris,Stable Angina AND Unstable Angina,,['efi AND Lauren_codelist'],eFI2 SNOMED CT 0.24 Renamed ConditionsPowerQuery_separateOut.csv AND snomed_for_LW_codelist_using_Pieta_powerQuery_separateOut.csv
65,194828000,4776001000006111,7,^ESCTAN477600,NA,Anginal syndrome,299759010,NA,32,Stenocardia,Stable Angina AND Unstable Angina,,['efi AND Lauren_codelist'],eFI2 SNOMED CT 0.24 Renamed ConditionsPowerQuery_separateOut.csv AND snomed_for_LW_codelist_using_Pieta_powerQuery_separateOut.csv
66,194828000,4776001000006111,7,^ESCTAN477600,NA,Anginal syndrome,299759010,NA,32,Angina pectoris NOS,Stable Angina AND Unstable Angina,,['efi AND Lauren_codelist'],eFI2 SNOMED CT 0.24 Renamed ConditionsPowerQuery_separateOut.csv AND snomed_for_LW_codelist_using_Pieta_powerQuery_separateOut.csv
67,21470009,36036010,100,G33z2,G33z200,Syncope anginosa,36036010,NA,32,Syncope anginosa,Stable Angina AND Unstable Angina,,['efi AND Lauren_codelist'],eFI2 SNOMED CT 0.24 Renamed ConditionsPowerQuery_separateOut.csv AND snomed_for_LW_codelist_using_Pieta_powerQuery_separateOut.csv
68,225566008,338974012,7000,G33z4,G33z400,Ischaemic chest pain,338974012,NA,32,Ischemic chest pain (finding),Angina,,['ManchesterGitHub'],angina.snomed.txt
69,233819005,350348018,90000,G33z7,G33z700,Stable angina,350348018,NA,32,Stable angina,Stable Angina AND Unstable Angina,,['efi AND Lauren_codelist'],eFI2 SNOMED CT 0.24 Renamed ConditionsPowerQuery_separateOut.csv AND snomed_for_LW_codelist_using_Pieta_powerQuery_separateOut.csv
70,233821000,350350014,4000,G33z6,G33z600,New onset angina,350350014,NA,32,New onset angina,Stable Angina AND Unstable Angina,,['efi AND Lauren_codelist'],eFI2 SNOMED CT 0.24 Renamed ConditionsPowerQuery_separateOut.csv AND snomed_for_LW_codelist_using_Pieta_powerQuery_separateOut.csv
71,233823002,350354017,2000,G344,G344.00,Silent myocardial ischaemia,350354017,NA,32,Silent myocardial ischemia (disorder),Angina,??,['Caliber'],covid_impact_ccu00201_angina_England_SNOMEDCT.csv
72,233823002,5056261000006112,2,^ESCTAS505626,NA,Asymptomatic ischaemia,350356015,NA,32,Silent myocardial ischemia (disorder),Angina,??,['Caliber'],covid_impact_ccu00201_angina_England_SNOMEDCT.csv
73,233845001,5056491000006117,200,^ESCTCH505649,NA,Chest pain with normal coronary angiography,350380016,NA,32,Cardiac syndrome X,Ischaemic heart disease,,['efi'],eFI2 SNOMED CT 0.24 Renamed ConditionsPowerQuery_separateOut.csv
74,233845001,350379019,20000,G37,G37..00,Cardiac syndrome X,350379019,NA,32,Cardiac syndrome X,Ischaemic heart disease,,['efi'],eFI2 SNOMED CT 0.24 Renamed ConditionsPowerQuery_separateOut.csv
75,25106000,494260016,7,G311-2,G311.12,Impending infarction,42087013,NA,32,Impending infarction,Stable Angina AND Unstable Angina,,['Lauren_codelist'],snomed_for_LW_codelist_using_Pieta_powerQuery_separateOut.csv
76,300995000,5887641000006118,4,^ESCTAN588764,NA,Angina of effort,442206012,NA,32,Angina on effort,Stable Angina AND Unstable Angina,,['efi AND Lauren_codelist'],eFI2 SNOMED CT 0.24 Renamed ConditionsPowerQuery_separateOut.csv AND snomed_for_LW_codelist_using_Pieta_powerQuery_separateOut.csv
77,300995000,442204010,20000,G33z3,G33z300,Angina on effort,442204010,NA,32,Angina on effort,Stable Angina AND Unstable Angina,,['efi AND Lauren_codelist'],eFI2 SNOMED CT 0.24 Renamed ConditionsPowerQuery_separateOut.csv AND snomed_for_LW_codelist_using_Pieta_powerQuery_separateOut.csv
78,300995000,5887611000006117,2000,^ESCTEX588761,NA,Exercise-induced angina,442203016,NA,32,Angina on effort,Stable Angina AND Unstable Angina,,['efi AND Lauren_codelist'],eFI2 SNOMED CT 0.24 Renamed ConditionsPowerQuery_separateOut.csv AND snomed_for_LW_codelist_using_Pieta_powerQuery_separateOut.csv
79,300995000,5887631000006111,200,^ESCTEX588763,NA,Exertional angina,442205011,NA,32,Angina on effort,Stable Angina AND Unstable Angina,,['efi AND Lauren_codelist'],eFI2 SNOMED CT 0.24 Renamed ConditionsPowerQuery_separateOut.csv AND snomed_for_LW_codelist_using_Pieta_powerQuery_separateOut.csv
80,308066006,451370011,5000,14AJ,14AJ.00,H/O: Angina in last year,451370011,NA,32,H/O: Angina in last year,Stable Angina AND Unstable Angina,,['Lauren_codelist'],snomed_for_LW_codelist_using_Pieta_powerQuery_separateOut.csv
81,308117007,451425016,4000,8B27,8B27.00,Antianginal therapy,451425016,NA,32,Antianginal therapy,Stable Angina AND Unstable Angina,,['Lauren_codelist'],snomed_for_LW_codelist_using_Pieta_powerQuery_separateOut.csv
82,314116003,458410010,1000,G33z5,G33z500,Post infarct angina,458410010,NA,32,Post infarct angina,Stable Angina AND Unstable Angina,,['efi AND Lauren_codelist'],eFI2 SNOMED CT 0.24 Renamed ConditionsPowerQuery_separateOut.csv AND snomed_for_LW_codelist_using_Pieta_powerQuery_separateOut.csv
83,315025001,459487012,1000,G3113,G311300,Refractory angina,459487012,NA,32,Refractory angina,Stable Angina AND Unstable Angina,,['efi AND Lauren_codelist'],eFI2 SNOMED CT 0.24 Renamed ConditionsPowerQuery_separateOut.csv AND snomed_for_LW_codelist_using_Pieta_powerQuery_separateOut.csv
84,315025001,459487012,1000,G3113,G311300,Refractory angina,459487012,NA,32,Refractory angina,Stable Angina AND Unstable Angina,,['efi AND Lauren_codelist'],eFI2 SNOMED CT 0.24 Renamed ConditionsPowerQuery_separateOut.csv AND snomed_for_LW_codelist_using_Pieta_powerQuery_separateOut.csv
85,315026000,459488019,1000,G31y3,G31y300,Transient myocardial ischaemia,459488019,NA,32,Transient myocardial ischaemia,Ischaemic heart disease,,['efi'],eFI2 SNOMED CT 0.24 Renamed ConditionsPowerQuery_separateOut.csv
86,35928006,59952018,800,G3300,G330000,Nocturnal angina,59952018,NA,32,Nocturnal angina,Stable Angina AND Unstable Angina,,['efi AND Lauren_codelist'],eFI2 SNOMED CT 0.24 Renamed ConditionsPowerQuery_separateOut.csv AND snomed_for_LW_codelist_using_Pieta_powerQuery_separateOut.csv
87,371806006,12276271000006112,20,^ESCT1227627,NA,Progressive angina,3673888019,NA,32,Progressive angina (disorder),Coronary Heart Disease,,['ManchesterGitHub'],coronary-heart-disease.snomed.txt
88,371807002,6360391000006118,1000,^ESCTAT636039,NA,Atypical angina,1210402019,NA,32,Atypical angina (disorder),Coronary Heart Disease,,['ManchesterGitHub'],coronary-heart-disease.snomed.txt
89,371808007,6360401000006116,10,^ESCTRE636040,NA,Recurrent angina after percutaneous transluminal coronary angioplasty,2470265017,NA,32,Recurrent angina status post percutaneous transluminal coronary angioplasty (disorder),Coronary Heart Disease,,['ManchesterGitHub'],coronary-heart-disease.snomed.txt
90,371809004,6360421000006114,20,^ESCTRE636042,NA,Recurrent angina after coronary stent placement,2470266016,NA,32,Recurrent angina following placement of coronary artery stent (disorder),Coronary Heart Disease,,['ManchesterGitHub'],coronary-heart-disease.snomed.txt
91,371810009,6360441000006119,5,^ESCTRE636044,NA,Recurrent angina after coronary artery bypass graft,2470267013,NA,32,Recurrent angina status post coronary artery bypass graft (disorder),Coronary Heart Disease,,['ManchesterGitHub'],coronary-heart-disease.snomed.txt
92,371811008,NA,NA,NA,NA,NA,NA,NA,NA,Recurrent angina status post rotational atherectomy (disorder),Coronary Heart Disease,,['ManchesterGitHub'],coronary-heart-disease.snomed.txt
93,371812001,NA,NA,NA,NA,NA,NA,NA,NA,Recurrent angina status post directional coronary atherectomy (disorder),Coronary Heart Disease,,['ManchesterGitHub'],coronary-heart-disease.snomed.txt
94,394659003,1488382011,200000,G3115,G311500,Acute coronary syndrome,1488382011,NA,32,Acute coronary syndrome (disorder),Angina,??,['Caliber'],covid_impact_ccu00201_angina_England_SNOMEDCT.csv
95,394659003,1488382011,200000,G3115,G311500,Acute coronary syndrome,1488382011,NA,32,Acute coronary syndrome (disorder),UnstableAngina,??,['Caliber'],covid_impact_ccu00201_unstable_angina_England_SNOMEDCT.csv
96,394659003,6546111000006118,200,^ESCTAC654611,NA,ACS - Acute coronary syndrome,2579561010,NA,32,Acute coronary syndrome (disorder),Angina,??,['Caliber'],covid_impact_ccu00201_angina_England_SNOMEDCT.csv
97,394659003,6546111000006118,200,^ESCTAC654611,NA,ACS - Acute coronary syndrome,2579561010,NA,32,Acute coronary syndrome (disorder),UnstableAngina,??,['Caliber'],covid_impact_ccu00201_unstable_angina_England_SNOMEDCT.csv
98,41334000,3166141000006114,90,^ESCTAN316614,NA,"Angina, class II",68946011,NA,32,"Angina, class II (disorder)",Coronary Heart Disease,,['ManchesterGitHub'],coronary-heart-disease.snomed.txt
99,413439005,6841231000006113,60,^ESCTAC684123,NA,Acute ischaemic heart disease,2534668015,NA,32,Acute ischemic heart disease (disorder),Angina,??,['Caliber'],covid_impact_ccu00201_angina_England_SNOMEDCT.csv
100,413444003,6841391000006118,50,^ESCTAC684139,NA,Acute myocardial ischaemia,2534670012,NA,32,Acute myocardial ischemia (disorder),Angina,??,['Caliber'],covid_impact_ccu00201_angina_England_SNOMEDCT.csv
101,413838009,300879015,80,Gyu33,Gyu3300,[X]Other forms of chronic ischaemic heart disease,2534671011,NA,32,Chronic ischemic heart disease (disorder),Angina,??,['Caliber'],covid_impact_ccu00201_angina_England_SNOMEDCT.csv
102,413838009,299776014,20000,G34,G34..00,Chronic ischaemic heart disease,2534672016,NA,32,Chronic ischemic heart disease (disorder),Angina,??,['Caliber'],covid_impact_ccu00201_angina_England_SNOMEDCT.csv
103,413838009,299805019,2000,G34z,G34z.00,Other chronic ischaemic heart disease NOS,2534672016,NA,32,Chronic ischemic heart disease (disorder),Angina,??,['Caliber'],covid_impact_ccu00201_angina_England_SNOMEDCT.csv
104,413838009,299804015,300,G34yz,G34yz00,Other specified chronic ischaemic heart disease NOS,2534671011,NA,32,Chronic ischemic heart disease (disorder),Angina,??,['Caliber'],covid_impact_ccu00201_angina_England_SNOMEDCT.csv
105,413838009,6847761000006118,5,^ESCTCH684776,NA,Chronic ischemic heart disease,2534671011,NA,32,Chronic ischemic heart disease (disorder),Angina,??,['Caliber'],covid_impact_ccu00201_angina_England_SNOMEDCT.csv
106,413838009,299800012,300,G34y,G34y.00,Other specified chronic ischaemic heart disease,2534671011,NA,32,Chronic ischemic heart disease (disorder),Angina,??,['Caliber'],covid_impact_ccu00201_angina_England_SNOMEDCT.csv
107,413844008,2537483013,900,G34y0,G34y000,Chronic coronary insufficiency,2537483013,NA,32,Chronic myocardial ischemia (disorder),Angina,??,['Caliber'],covid_impact_ccu00201_angina_England_SNOMEDCT.csv
108,413844008,2534674015,3000,G34y1,G34y100,Chronic myocardial ischaemia,2534674015,NA,32,Chronic myocardial ischemia (disorder),Angina,??,['Caliber'],covid_impact_ccu00201_angina_England_SNOMEDCT.csv
109,414545008,3.94541E+14,2000,Gyu3,Gyu3.00,[X]Ischaemic heart diseases,2534664018,NA,32,Ischemic heart disease (disorder),Angina,??,['Caliber'],covid_impact_ccu00201_angina_England_SNOMEDCT.csv
110,414545008,300876010,60,Gyu32,Gyu3200,[X]Other forms of acute ischaemic heart disease,2534663012,NA,32,Ischemic heart disease (disorder),Angina,??,['Caliber'],covid_impact_ccu00201_angina_England_SNOMEDCT.csv
111,414545008,3.9111E+13,3000,G31,G31..00,Other acute and subacute ischaemic heart disease,2534663012,NA,32,Ischemic heart disease (disorder),Angina,??,['Caliber'],covid_impact_ccu00201_angina_England_SNOMEDCT.csv
112,414545008,2537480011,1000000,G3-3,G3...13,IHD - Ischaemic heart disease,2537480011,NA,32,Ischemic heart disease (disorder),Angina,??,['Caliber'],covid_impact_ccu00201_angina_England_SNOMEDCT.csv
113,414545008,299750014,200,G31yz,G31yz00,Other acute and subacute ischaemic heart disease NOS,2534663012,NA,32,Ischemic heart disease (disorder),Angina,??,['Caliber'],covid_impact_ccu00201_angina_England_SNOMEDCT.csv
114,414545008,299723016,500,G31y,G31y.00,Other acute and subacute ischaemic heart disease,2534663012,NA,32,Ischemic heart disease (disorder),Angina,??,['Caliber'],covid_impact_ccu00201_angina_England_SNOMEDCT.csv
115,414545008,299834013,5000,G3y,G3y..00,Other specified ischaemic heart disease,2534664018,NA,32,Ischemic heart disease (disorder),Angina,??,['Caliber'],covid_impact_ccu00201_angina_England_SNOMEDCT.csv
116,414545008,6860251000006115,200,^ESCTIS686025,NA,Ischemic heart disease,2534663012,NA,32,Ischemic heart disease (disorder),Angina,??,['Caliber'],covid_impact_ccu00201_angina_England_SNOMEDCT.csv
117,414545008,299835014,200000,G3z,G3z..00,Ischaemic heart disease NOS,2534664018,NA,32,Ischemic heart disease (disorder),Angina,??,['Caliber'],covid_impact_ccu00201_angina_England_SNOMEDCT.csv
118,414545008,6860261000006118,90,^ESCTIH686026,NA,IHD - Ischemic heart disease,2537479013,NA,32,Ischemic heart disease (disorder),Angina,??,['Caliber'],covid_impact_ccu00201_angina_England_SNOMEDCT.csv
119,414545008,2534664018,6000000,G3,G3...00,Ischaemic heart disease,2534664018,NA,32,Ischemic heart disease (disorder),Angina,??,['Caliber'],covid_impact_ccu00201_angina_England_SNOMEDCT.csv
120,414795007,6864791000006113,3,^ESCTMY686479,NA,Myocardial ischemia,2534665017,NA,32,Myocardial ischemia (disorder),Angina,??,['Caliber'],covid_impact_ccu00201_angina_England_SNOMEDCT.csv
121,414795007,6864781000006110,500,^ESCTMY686478,NA,Myocardial ischaemia,2534666016,NA,32,Myocardial ischemia (disorder),Angina,??,['Caliber'],covid_impact_ccu00201_angina_England_SNOMEDCT.csv
122,429559004,7105241000006116,500,^ESCTTY710524,NA,Typical angina,2692821011,NA,32,Typical angina (disorder),Angina,,['ManchesterGitHub'],angina.snomed.txt
123,4557003,494261017,8000,G3114,G311400,Worsening angina,494261017,NA,32,Unstable angina,Stable Angina AND Unstable Angina,,['Lauren_codelist'],snomed_for_LW_codelist_using_Pieta_powerQuery_separateOut.csv
124,4557003,494261017,8000,G3114,G311400,Worsening angina,494261017,NA,32,Crescendo angina,Stable Angina AND Unstable Angina,,['Lauren_codelist'],snomed_for_LW_codelist_using_Pieta_powerQuery_separateOut.csv
125,4557003,494261017,8000,G3114,G311400,Worsening angina,494261017,NA,32,Crescendo angina,Stable Angina AND Unstable Angina,,['Lauren_codelist'],snomed_for_LW_codelist_using_Pieta_powerQuery_separateOut.csv
126,4557003,494261017,8000,G3114,G311400,Worsening angina,494261017,NA,32,Unstable angina,Stable Angina AND Unstable Angina,,['Lauren_codelist'],snomed_for_LW_codelist_using_Pieta_powerQuery_separateOut.csv
127,4557003,494261017,8000,G3114,G311400,Worsening angina,494261017,NA,32,Worsening angina,Stable Angina AND Unstable Angina,,['Lauren_codelist'],snomed_for_LW_codelist_using_Pieta_powerQuery_separateOut.csv
128,4557003,494261017,8000,G3114,G311400,Worsening angina,494261017,NA,32,Unstable angina,Stable Angina AND Unstable Angina,,['Lauren_codelist'],snomed_for_LW_codelist_using_Pieta_powerQuery_separateOut.csv
129,4557003,494261017,8000,G3114,G311400,Worsening angina,494261017,NA,32,Worsening angina,Stable Angina AND Unstable Angina,,['Lauren_codelist'],snomed_for_LW_codelist_using_Pieta_powerQuery_separateOut.csv
130,4557003,494261017,8000,G3114,G311400,Worsening angina,494261017,NA,32,Preinfarction syndrome,Stable Angina AND Unstable Angina,,['Lauren_codelist'],snomed_for_LW_codelist_using_Pieta_powerQuery_separateOut.csv
131,4557003,2571561000006118,20,^ESCTPR257156,NA,Pre-infarction syndrome,494262012,NA,32,Unstable angina,Stable Angina AND Unstable Angina,,['Lauren_codelist'],snomed_for_LW_codelist_using_Pieta_powerQuery_separateOut.csv
132,4557003,2571561000006118,20,^ESCTPR257156,NA,Pre-infarction syndrome,494262012,NA,32,Crescendo angina,Stable Angina AND Unstable Angina,,['Lauren_codelist'],snomed_for_LW_codelist_using_Pieta_powerQuery_separateOut.csv
133,4557003,2571561000006118,20,^ESCTPR257156,NA,Pre-infarction syndrome,494262012,NA,32,Crescendo angina,Stable Angina AND Unstable Angina,,['Lauren_codelist'],snomed_for_LW_codelist_using_Pieta_powerQuery_separateOut.csv
134,4557003,2571561000006118,20,^ESCTPR257156,NA,Pre-infarction syndrome,494262012,NA,32,Unstable angina,Stable Angina AND Unstable Angina,,['Lauren_codelist'],snomed_for_LW_codelist_using_Pieta_powerQuery_separateOut.csv
135,4557003,2571561000006118,20,^ESCTPR257156,NA,Pre-infarction syndrome,494262012,NA,32,Worsening angina,Stable Angina AND Unstable Angina,,['Lauren_codelist'],snomed_for_LW_codelist_using_Pieta_powerQuery_separateOut.csv
136,4557003,2571561000006118,20,^ESCTPR257156,NA,Pre-infarction syndrome,494262012,NA,32,Unstable angina,Stable Angina AND Unstable Angina,,['Lauren_codelist'],snomed_for_LW_codelist_using_Pieta_powerQuery_separateOut.csv
137,4557003,2571561000006118,20,^ESCTPR257156,NA,Pre-infarction syndrome,494262012,NA,32,Worsening angina,Stable Angina AND Unstable Angina,,['Lauren_codelist'],snomed_for_LW_codelist_using_Pieta_powerQuery_separateOut.csv
138,4557003,2571561000006118,20,^ESCTPR257156,NA,Pre-infarction syndrome,494262012,NA,32,Preinfarction syndrome,Stable Angina AND Unstable Angina,,['Lauren_codelist'],snomed_for_LW_codelist_using_Pieta_powerQuery_separateOut.csv
139,4557003,2571531000006110,1,^ESCTIN257153,NA,Intermediate coronary syndrome,7846012,NA,32,Unstable angina,Stable Angina AND Unstable Angina,,['Lauren_codelist'],snomed_for_LW_codelist_using_Pieta_powerQuery_separateOut.csv
140,4557003,2571531000006110,1,^ESCTIN257153,NA,Intermediate coronary syndrome,7846012,NA,32,Crescendo angina,Stable Angina AND Unstable Angina,,['Lauren_codelist'],snomed_for_LW_codelist_using_Pieta_powerQuery_separateOut.csv
141,4557003,2571531000006110,1,^ESCTIN257153,NA,Intermediate coronary syndrome,7846012,NA,32,Crescendo angina,Stable Angina AND Unstable Angina,,['Lauren_codelist'],snomed_for_LW_codelist_using_Pieta_powerQuery_separateOut.csv
142,4557003,2571531000006110,1,^ESCTIN257153,NA,Intermediate coronary syndrome,7846012,NA,32,Unstable angina,Stable Angina AND Unstable Angina,,['Lauren_codelist'],snomed_for_LW_codelist_using_Pieta_powerQuery_separateOut.csv
143,4557003,2571531000006110,1,^ESCTIN257153,NA,Intermediate coronary syndrome,7846012,NA,32,Worsening angina,Stable Angina AND Unstable Angina,,['Lauren_codelist'],snomed_for_LW_codelist_using_Pieta_powerQuery_separateOut.csv
144,4557003,2571531000006110,1,^ESCTIN257153,NA,Intermediate coronary syndrome,7846012,NA,32,Unstable angina,Stable Angina AND Unstable Angina,,['Lauren_codelist'],snomed_for_LW_codelist_using_Pieta_powerQuery_separateOut.csv
145,4557003,2571531000006110,1,^ESCTIN257153,NA,Intermediate coronary syndrome,7846012,NA,32,Worsening angina,Stable Angina AND Unstable Angina,,['Lauren_codelist'],snomed_for_LW_codelist_using_Pieta_powerQuery_separateOut.csv
146,4557003,2571531000006110,1,^ESCTIN257153,NA,Intermediate coronary syndrome,7846012,NA,32,Preinfarction syndrome,Stable Angina AND Unstable Angina,,['Lauren_codelist'],snomed_for_LW_codelist_using_Pieta_powerQuery_separateOut.csv
147,4557003,299741012,10000,G311z,G311z00,Preinfarction syndrome,7844010,NA,32,Unstable angina,Stable Angina AND Unstable Angina,,['Lauren_codelist'],snomed_for_LW_codelist_using_Pieta_powerQuery_separateOut.csv
148,4557003,299741012,10000,G311z,G311z00,Preinfarction syndrome,7844010,NA,32,Crescendo angina,Stable Angina AND Unstable Angina,,['Lauren_codelist'],snomed_for_LW_codelist_using_Pieta_powerQuery_separateOut.csv
149,4557003,299741012,10000,G311z,G311z00,Preinfarction syndrome,7844010,NA,32,Crescendo angina,Stable Angina AND Unstable Angina,,['Lauren_codelist'],snomed_for_LW_codelist_using_Pieta_powerQuery_separateOut.csv
150,4557003,299741012,10000,G311z,G311z00,Preinfarction syndrome,7844010,NA,32,Unstable angina,Stable Angina AND Unstable Angina,,['Lauren_codelist'],snomed_for_LW_codelist_using_Pieta_powerQuery_separateOut.csv
151,4557003,299741012,10000,G311z,G311z00,Preinfarction syndrome,7844010,NA,32,Worsening angina,Stable Angina AND Unstable Angina,,['Lauren_codelist'],snomed_for_LW_codelist_using_Pieta_powerQuery_separateOut.csv
152,4557003,299741012,10000,G311z,G311z00,Preinfarction syndrome,7844010,NA,32,Unstable angina,Stable Angina AND Unstable Angina,,['Lauren_codelist'],snomed_for_LW_codelist_using_Pieta_powerQuery_separateOut.csv
153,4557003,299741012,10000,G311z,G311z00,Preinfarction syndrome,7844010,NA,32,Worsening angina,Stable Angina AND Unstable Angina,,['Lauren_codelist'],snomed_for_LW_codelist_using_Pieta_powerQuery_separateOut.csv
154,4557003,299741012,10000,G311z,G311z00,Preinfarction syndrome,7844010,NA,32,Preinfarction syndrome,Stable Angina AND Unstable Angina,,['Lauren_codelist'],snomed_for_LW_codelist_using_Pieta_powerQuery_separateOut.csv
155,4557003,7847015,9000,G311-1,G311.11,Crescendo angina,7847015,NA,32,Unstable angina,Stable Angina AND Unstable Angina,,['Lauren_codelist'],snomed_for_LW_codelist_using_Pieta_powerQuery_separateOut.csv
156,4557003,7847015,9000,G311-1,G311.11,Crescendo angina,7847015,NA,32,Crescendo angina,Stable Angina AND Unstable Angina,,['Lauren_codelist'],snomed_for_LW_codelist_using_Pieta_powerQuery_separateOut.csv
157,4557003,7847015,9000,G311-1,G311.11,Crescendo angina,7847015,NA,32,Crescendo angina,Stable Angina AND Unstable Angina,,['Lauren_codelist'],snomed_for_LW_codelist_using_Pieta_powerQuery_separateOut.csv
158,4557003,7847015,9000,G311-1,G311.11,Crescendo angina,7847015,NA,32,Unstable angina,Stable Angina AND Unstable Angina,,['Lauren_codelist'],snomed_for_LW_codelist_using_Pieta_powerQuery_separateOut.csv
159,4557003,7847015,9000,G311-1,G311.11,Crescendo angina,7847015,NA,32,Worsening angina,Stable Angina AND Unstable Angina,,['Lauren_codelist'],snomed_for_LW_codelist_using_Pieta_powerQuery_separateOut.csv
160,4557003,7847015,9000,G311-1,G311.11,Crescendo angina,7847015,NA,32,Unstable angina,Stable Angina AND Unstable Angina,,['Lauren_codelist'],snomed_for_LW_codelist_using_Pieta_powerQuery_separateOut.csv
161,4557003,7847015,9000,G311-1,G311.11,Crescendo angina,7847015,NA,32,Worsening angina,Stable Angina AND Unstable Angina,,['Lauren_codelist'],snomed_for_LW_codelist_using_Pieta_powerQuery_separateOut.csv
162,4557003,7847015,9000,G311-1,G311.11,Crescendo angina,7847015,NA,32,Preinfarction syndrome,Stable Angina AND Unstable Angina,,['Lauren_codelist'],snomed_for_LW_codelist_using_Pieta_powerQuery_separateOut.csv
163,4557003,7844010,6000,G311,G311.00,Preinfarction syndrome,494262012,NA,32,Unstable angina,Stable Angina AND Unstable Angina,,['Lauren_codelist'],snomed_for_LW_codelist_using_Pieta_powerQuery_separateOut.csv
164,4557003,7844010,6000,G311,G311.00,Preinfarction syndrome,494262012,NA,32,Crescendo angina,Stable Angina AND Unstable Angina,,['Lauren_codelist'],snomed_for_LW_codelist_using_Pieta_powerQuery_separateOut.csv
165,4557003,7844010,6000,G311,G311.00,Preinfarction syndrome,494262012,NA,32,Crescendo angina,Stable Angina AND Unstable Angina,,['Lauren_codelist'],snomed_for_LW_codelist_using_Pieta_powerQuery_separateOut.csv
166,4557003,7844010,6000,G311,G311.00,Preinfarction syndrome,494262012,NA,32,Unstable angina,Stable Angina AND Unstable Angina,,['Lauren_codelist'],snomed_for_LW_codelist_using_Pieta_powerQuery_separateOut.csv
167,4557003,7844010,6000,G311,G311.00,Preinfarction syndrome,494262012,NA,32,Worsening angina,Stable Angina AND Unstable Angina,,['Lauren_codelist'],snomed_for_LW_codelist_using_Pieta_powerQuery_separateOut.csv
168,4557003,7844010,6000,G311,G311.00,Preinfarction syndrome,494262012,NA,32,Unstable angina,Stable Angina AND Unstable Angina,,['Lauren_codelist'],snomed_for_LW_codelist_using_Pieta_powerQuery_separateOut.csv
169,4557003,7844010,6000,G311,G311.00,Preinfarction syndrome,494262012,NA,32,Worsening angina,Stable Angina AND Unstable Angina,,['Lauren_codelist'],snomed_for_LW_codelist_using_Pieta_powerQuery_separateOut.csv
170,4557003,7844010,6000,G311,G311.00,Preinfarction syndrome,494262012,NA,32,Preinfarction syndrome,Stable Angina AND Unstable Angina,,['Lauren_codelist'],snomed_for_LW_codelist_using_Pieta_powerQuery_separateOut.csv
171,4557003,72571000006115,70000,G311-3,G311.13,Unstable angina,7845011,NA,32,Unstable angina,Stable Angina AND Unstable Angina,,['Lauren_codelist'],snomed_for_LW_codelist_using_Pieta_powerQuery_separateOut.csv
172,4557003,72571000006115,70000,G311-3,G311.13,Unstable angina,7845011,NA,32,Crescendo angina,Stable Angina AND Unstable Angina,,['Lauren_codelist'],snomed_for_LW_codelist_using_Pieta_powerQuery_separateOut.csv
173,4557003,72571000006115,70000,G311-3,G311.13,Unstable angina,7845011,NA,32,Crescendo angina,Stable Angina AND Unstable Angina,,['Lauren_codelist'],snomed_for_LW_codelist_using_Pieta_powerQuery_separateOut.csv
174,4557003,72571000006115,70000,G311-3,G311.13,Unstable angina,7845011,NA,32,Unstable angina,Stable Angina AND Unstable Angina,,['Lauren_codelist'],snomed_for_LW_codelist_using_Pieta_powerQuery_separateOut.csv
175,4557003,72571000006115,70000,G311-3,G311.13,Unstable angina,7845011,NA,32,Worsening angina,Stable Angina AND Unstable Angina,,['Lauren_codelist'],snomed_for_LW_codelist_using_Pieta_powerQuery_separateOut.csv
176,4557003,72571000006115,70000,G311-3,G311.13,Unstable angina,7845011,NA,32,Unstable angina,Stable Angina AND Unstable Angina,,['Lauren_codelist'],snomed_for_LW_codelist_using_Pieta_powerQuery_separateOut.csv
177,4557003,72571000006115,70000,G311-3,G311.13,Unstable angina,7845011,NA,32,Worsening angina,Stable Angina AND Unstable Angina,,['Lauren_codelist'],snomed_for_LW_codelist_using_Pieta_powerQuery_separateOut.csv
178,4557003,72571000006115,70000,G311-3,G311.13,Unstable angina,7845011,NA,32,Preinfarction syndrome,Stable Angina AND Unstable Angina,,['Lauren_codelist'],snomed_for_LW_codelist_using_Pieta_powerQuery_separateOut.csv
179,4557003,7845011,100000,G3111,G311100,Unstable angina,7845011,NA,32,Unstable angina,Stable Angina AND Unstable Angina,,['Lauren_codelist'],snomed_for_LW_codelist_using_Pieta_powerQuery_separateOut.csv
180,4557003,7845011,100000,G3111,G311100,Unstable angina,7845011,NA,32,Crescendo angina,Stable Angina AND Unstable Angina,,['Lauren_codelist'],snomed_for_LW_codelist_using_Pieta_powerQuery_separateOut.csv
181,4557003,7845011,100000,G3111,G311100,Unstable angina,7845011,NA,32,Crescendo angina,Stable Angina AND Unstable Angina,,['Lauren_codelist'],snomed_for_LW_codelist_using_Pieta_powerQuery_separateOut.csv
182,4557003,7845011,100000,G3111,G311100,Unstable angina,7845011,NA,32,Unstable angina,Stable Angina AND Unstable Angina,,['Lauren_codelist'],snomed_for_LW_codelist_using_Pieta_powerQuery_separateOut.csv
183,4557003,7845011,100000,G3111,G311100,Unstable angina,7845011,NA,32,Worsening angina,Stable Angina AND Unstable Angina,,['Lauren_codelist'],snomed_for_LW_codelist_using_Pieta_powerQuery_separateOut.csv
184,4557003,7845011,100000,G3111,G311100,Unstable angina,7845011,NA,32,Unstable angina,Stable Angina AND Unstable Angina,,['Lauren_codelist'],snomed_for_LW_codelist_using_Pieta_powerQuery_separateOut.csv
185,4557003,7845011,100000,G3111,G311100,Unstable angina,7845011,NA,32,Worsening angina,Stable Angina AND Unstable Angina,,['Lauren_codelist'],snomed_for_LW_codelist_using_Pieta_powerQuery_separateOut.csv
186,4557003,7845011,100000,G3111,G311100,Unstable angina,7845011,NA,32,Preinfarction syndrome,Stable Angina AND Unstable Angina,,['Lauren_codelist'],snomed_for_LW_codelist_using_Pieta_powerQuery_separateOut.csv
187,46109009,494438016,400,G31y2,G31y200,Subendocardial ischaemia,494438016,NA,32,Subendocardial ischemia (disorder),Angina,??,['Caliber'],covid_impact_ccu00201_angina_England_SNOMEDCT.csv
188,59021001,299763015,200,G330z,G330z00,Angina decubitus NOS,98087016,NA,32,Angina at rest,Stable Angina AND Unstable Angina,,['Lauren_codelist'],snomed_for_LW_codelist_using_Pieta_powerQuery_separateOut.csv
189,59021001,299763015,200,G330z,G330z00,Angina decubitus NOS,98087016,NA,32,Angina at rest,Stable Angina AND Unstable Angina,,['Lauren_codelist'],snomed_for_LW_codelist_using_Pieta_powerQuery_separateOut.csv
190,59021001,299763015,200,G330z,G330z00,Angina decubitus NOS,98087016,NA,32,Angina decubitus NOS,Stable Angina AND Unstable Angina,,['Lauren_codelist'],snomed_for_LW_codelist_using_Pieta_powerQuery_separateOut.csv
191,59021001,299763015,200,G330z,G330z00,Angina decubitus NOS,98087016,NA,32,Angina at rest,Stable Angina AND Unstable Angina,,['Lauren_codelist'],snomed_for_LW_codelist_using_Pieta_powerQuery_separateOut.csv
192,59021001,299763015,200,G330z,G330z00,Angina decubitus NOS,98087016,NA,32,Angina decubitus,Stable Angina AND Unstable Angina,,['Lauren_codelist'],snomed_for_LW_codelist_using_Pieta_powerQuery_separateOut.csv
193,59021001,299763015,200,G330z,G330z00,Angina decubitus NOS,98087016,NA,32,Angina at rest,Stable Angina AND Unstable Angina,,['Lauren_codelist'],snomed_for_LW_codelist_using_Pieta_powerQuery_separateOut.csv
194,59021001,3458791000006114,3,^ESCTAN345879,NA,Anginal chest pain at rest,98088014,NA,32,Angina at rest,Stable Angina AND Unstable Angina,,['Lauren_codelist'],snomed_for_LW_codelist_using_Pieta_powerQuery_separateOut.csv
195,59021001,3458791000006114,3,^ESCTAN345879,NA,Anginal chest pain at rest,98088014,NA,32,Angina at rest,Stable Angina AND Unstable Angina,,['Lauren_codelist'],snomed_for_LW_codelist_using_Pieta_powerQuery_separateOut.csv
196,59021001,3458791000006114,3,^ESCTAN345879,NA,Anginal chest pain at rest,98088014,NA,32,Angina decubitus NOS,Stable Angina AND Unstable Angina,,['Lauren_codelist'],snomed_for_LW_codelist_using_Pieta_powerQuery_separateOut.csv
197,59021001,3458791000006114,3,^ESCTAN345879,NA,Anginal chest pain at rest,98088014,NA,32,Angina at rest,Stable Angina AND Unstable Angina,,['Lauren_codelist'],snomed_for_LW_codelist_using_Pieta_powerQuery_separateOut.csv
198,59021001,3458791000006114,3,^ESCTAN345879,NA,Anginal chest pain at rest,98088014,NA,32,Angina decubitus,Stable Angina AND Unstable Angina,,['Lauren_codelist'],snomed_for_LW_codelist_using_Pieta_powerQuery_separateOut.csv
199,59021001,3458791000006114,3,^ESCTAN345879,NA,Anginal chest pain at rest,98088014,NA,32,Angina at rest,Stable Angina AND Unstable Angina,,['Lauren_codelist'],snomed_for_LW_codelist_using_Pieta_powerQuery_separateOut.csv
200,59021001,498328016,5000,G3112,G311200,Angina at rest,498328016,NA,32,Angina at rest,Stable Angina AND Unstable Angina,,['Lauren_codelist'],snomed_for_LW_codelist_using_Pieta_powerQuery_separateOut.csv
201,59021001,498328016,5000,G3112,G311200,Angina at rest,498328016,NA,32,Angina at rest,Stable Angina AND Unstable Angina,,['Lauren_codelist'],snomed_for_LW_codelist_using_Pieta_powerQuery_separateOut.csv
202,59021001,498328016,5000,G3112,G311200,Angina at rest,498328016,NA,32,Angina decubitus NOS,Stable Angina AND Unstable Angina,,['Lauren_codelist'],snomed_for_LW_codelist_using_Pieta_powerQuery_separateOut.csv
203,59021001,498328016,5000,G3112,G311200,Angina at rest,498328016,NA,32,Angina at rest,Stable Angina AND Unstable Angina,,['Lauren_codelist'],snomed_for_LW_codelist_using_Pieta_powerQuery_separateOut.csv
204,59021001,498328016,5000,G3112,G311200,Angina at rest,498328016,NA,32,Angina decubitus,Stable Angina AND Unstable Angina,,['Lauren_codelist'],snomed_for_LW_codelist_using_Pieta_powerQuery_separateOut.csv
205,59021001,498328016,5000,G3112,G311200,Angina at rest,498328016,NA,32,Angina at rest,Stable Angina AND Unstable Angina,,['Lauren_codelist'],snomed_for_LW_codelist_using_Pieta_powerQuery_separateOut.csv
206,59021001,98087016,2000,G330,G330.00,Angina decubitus,98087016,NA,32,Angina at rest,Stable Angina AND Unstable Angina,,['Lauren_codelist'],snomed_for_LW_codelist_using_Pieta_powerQuery_separateOut.csv
207,59021001,98087016,2000,G330,G330.00,Angina decubitus,98087016,NA,32,Angina at rest,Stable Angina AND Unstable Angina,,['Lauren_codelist'],snomed_for_LW_codelist_using_Pieta_powerQuery_separateOut.csv
208,59021001,98087016,2000,G330,G330.00,Angina decubitus,98087016,NA,32,Angina decubitus NOS,Stable Angina AND Unstable Angina,,['Lauren_codelist'],snomed_for_LW_codelist_using_Pieta_powerQuery_separateOut.csv
209,59021001,98087016,2000,G330,G330.00,Angina decubitus,98087016,NA,32,Angina at rest,Stable Angina AND Unstable Angina,,['Lauren_codelist'],snomed_for_LW_codelist_using_Pieta_powerQuery_separateOut.csv
210,59021001,98087016,2000,G330,G330.00,Angina decubitus,98087016,NA,32,Angina decubitus,Stable Angina AND Unstable Angina,,['Lauren_codelist'],snomed_for_LW_codelist_using_Pieta_powerQuery_separateOut.csv
211,59021001,98087016,2000,G330,G330.00,Angina decubitus,98087016,NA,32,Angina at rest,Stable Angina AND Unstable Angina,,['Lauren_codelist'],snomed_for_LW_codelist_using_Pieta_powerQuery_separateOut.csv
212,59021001,482811000006113,1000,G311-4,G311.14,Angina at rest,498328016,NA,32,Angina at rest,Stable Angina AND Unstable Angina,,['Lauren_codelist'],snomed_for_LW_codelist_using_Pieta_powerQuery_separateOut.csv
213,59021001,482811000006113,1000,G311-4,G311.14,Angina at rest,498328016,NA,32,Angina at rest,Stable Angina AND Unstable Angina,,['Lauren_codelist'],snomed_for_LW_codelist_using_Pieta_powerQuery_separateOut.csv
214,59021001,482811000006113,1000,G311-4,G311.14,Angina at rest,498328016,NA,32,Angina decubitus NOS,Stable Angina AND Unstable Angina,,['Lauren_codelist'],snomed_for_LW_codelist_using_Pieta_powerQuery_separateOut.csv
215,59021001,482811000006113,1000,G311-4,G311.14,Angina at rest,498328016,NA,32,Angina at rest,Stable Angina AND Unstable Angina,,['Lauren_codelist'],snomed_for_LW_codelist_using_Pieta_powerQuery_separateOut.csv
216,59021001,482811000006113,1000,G311-4,G311.14,Angina at rest,498328016,NA,32,Angina decubitus,Stable Angina AND Unstable Angina,,['Lauren_codelist'],snomed_for_LW_codelist_using_Pieta_powerQuery_separateOut.csv
217,59021001,482811000006113,1000,G311-4,G311.14,Angina at rest,498328016,NA,32,Angina at rest,Stable Angina AND Unstable Angina,,['Lauren_codelist'],snomed_for_LW_codelist_using_Pieta_powerQuery_separateOut.csv
218,61490001,3499001000006116,30,^ESCTAN349900,NA,"Angina, class I",102153019,NA,32,"Angina, class I (disorder)",Angina,,['ManchesterGitHub'],angina.snomed.txt
219,697976003,7502661000006117,50,^ESCTMI750266,NA,Microvascular ischaemia of myocardium,2968395019,NA,32,Microvascular ischemia of myocardium (disorder),Angina,??,['Caliber'],covid_impact_ccu00201_angina_England_SNOMEDCT.csv
220,703214003,7572351000006115,40,^ESCTSI757235,NA,Silent coronary vasospastic disease,3007338016,NA,32,Silent coronary vasospastic disease (disorder),Angina,??,['Caliber'],covid_impact_ccu00201_angina_England_SNOMEDCT.csv
221,712866001,7696501000006114,5,^ESCTRE769650,NA,Resting ischaemia,3286157013,NA,32,Resting ischemia co-occurrent and due to ischemic heart disease (disorder),Angina,??,['Caliber'],covid_impact_ccu00201_angina_England_SNOMEDCT.csv
222,712866001,7696501000006114,5,^ESCTRE769650,NA,Resting ischaemia,3286157013,NA,32,Resting ischemia co-occurrent and due to ischemic heart disease (disorder),UnstableAngina,??,['Caliber'],covid_impact_ccu00201_unstable_angina_England_SNOMEDCT.csv
223,713405002,7703511000006110,5,^ESCTSU770351,NA,Subacute ischaemic heart disease,3289285016,NA,32,Subacute ischemic heart disease (disorder),Angina,??,['Caliber'],covid_impact_ccu00201_angina_England_SNOMEDCT.csv
224,7.91E+11,7966931000006114,9,^ESCTAN796693,NA,Angina associated with type 2 diabetes mellitus,2967773018,NA,32,Angina due to type 2 diabetes mellitus (disorder),Coronary Heart Disease,,['ManchesterGitHub'],coronary-heart-disease.snomed.txt
225,85284003,3886751000006118,30,^ESCTAN388675,NA,"Angina, class III",141382014,NA,32,"Angina, class III (disorder)",Coronary Heart Disease,,['ManchesterGitHub'],coronary-heart-disease.snomed.txt
226,854491000006109,854491000006113,200,EGTON458,NA,Unstable angina,854491000006113,NA,32,Preinfarction syndrome (disorder),Coronary Heart Disease,,['ManchesterChariot_edh_cvd'],Angina_Chariot_snomed_plus_medcodeids.csv
227,87343002,144819018,500,G331-1,G331.11,Variant angina pectoris,1235225010,NA,32,Prinzmetal's angina,Stable Angina AND Unstable Angina,,['efi AND Lauren_codelist'],eFI2 SNOMED CT 0.24 Renamed ConditionsPowerQuery_separateOut.csv AND snomed_for_LW_codelist_using_Pieta_powerQuery_separateOut.csv
228,87343002,144819018,500,G331-1,G331.11,Variant angina pectoris,1235225010,NA,32,Variant angina pectoris,Stable Angina AND Unstable Angina,,['efi AND Lauren_codelist'],eFI2 SNOMED CT 0.24 Renamed ConditionsPowerQuery_separateOut.csv AND snomed_for_LW_codelist_using_Pieta_powerQuery_separateOut.csv
229,87343002,3920011000006116,50,^ESCTVA392001,NA,Variant angina,1235223015,NA,32,Prinzmetal's angina,Stable Angina AND Unstable Angina,,['efi AND Lauren_codelist'],eFI2 SNOMED CT 0.24 Renamed ConditionsPowerQuery_separateOut.csv AND snomed_for_LW_codelist_using_Pieta_powerQuery_separateOut.csv
230,87343002,3920011000006116,50,^ESCTVA392001,NA,Variant angina,1235223015,NA,32,Variant angina pectoris,Stable Angina AND Unstable Angina,,['efi AND Lauren_codelist'],eFI2 SNOMED CT 0.24 Renamed ConditionsPowerQuery_separateOut.csv AND snomed_for_LW_codelist_using_Pieta_powerQuery_separateOut.csv
231,87343002,3920001000006119,1,^ESCTVA392000,NA,Variant angina pectoris,144819018,NA,32,Prinzmetal's angina,Stable Angina AND Unstable Angina,,['efi AND Lauren_codelist'],eFI2 SNOMED CT 0.24 Renamed ConditionsPowerQuery_separateOut.csv AND snomed_for_LW_codelist_using_Pieta_powerQuery_separateOut.csv
232,87343002,3920001000006119,1,^ESCTVA392000,NA,Variant angina pectoris,144819018,NA,32,Variant angina pectoris,Stable Angina AND Unstable Angina,,['efi AND Lauren_codelist'],eFI2 SNOMED CT 0.24 Renamed ConditionsPowerQuery_separateOut.csv AND snomed_for_LW_codelist_using_Pieta_powerQuery_separateOut.csv
233,87343002,3919991000006112,70,^ESCTPR391999,NA,Prinzmetal angina,144818014,NA,32,Prinzmetal's angina,Stable Angina AND Unstable Angina,,['efi AND Lauren_codelist'],eFI2 SNOMED CT 0.24 Renamed ConditionsPowerQuery_separateOut.csv AND snomed_for_LW_codelist_using_Pieta_powerQuery_separateOut.csv
234,87343002,3919991000006112,70,^ESCTPR391999,NA,Prinzmetal angina,144818014,NA,32,Variant angina pectoris,Stable Angina AND Unstable Angina,,['efi AND Lauren_codelist'],eFI2 SNOMED CT 0.24 Renamed ConditionsPowerQuery_separateOut.csv AND snomed_for_LW_codelist_using_Pieta_powerQuery_separateOut.csv
235,87343002,1235225010,6000,G331,G331.00,Prinzmetal's angina,1235225010,NA,32,Prinzmetal's angina,Stable Angina AND Unstable Angina,,['efi AND Lauren_codelist'],eFI2 SNOMED CT 0.24 Renamed ConditionsPowerQuery_separateOut.csv AND snomed_for_LW_codelist_using_Pieta_powerQuery_separateOut.csv
236,87343002,1235225010,6000,G331,G331.00,Prinzmetal's angina,1235225010,NA,32,Variant angina pectoris,Stable Angina AND Unstable Angina,,['efi AND Lauren_codelist'],eFI2 SNOMED CT 0.24 Renamed ConditionsPowerQuery_separateOut.csv AND snomed_for_LW_codelist_using_Pieta_powerQuery_separateOut.csv
237,87343002,3920021000006112,200,^ESCTCO392002,NA,Coronary artery spasm angina,1235224014,NA,32,Prinzmetal's angina,Stable Angina AND Unstable Angina,,['efi AND Lauren_codelist'],eFI2 SNOMED CT 0.24 Renamed ConditionsPowerQuery_separateOut.csv AND snomed_for_LW_codelist_using_Pieta_powerQuery_separateOut.csv
238,87343002,3920021000006112,200,^ESCTCO392002,NA,Coronary artery spasm angina,1235224014,NA,32,Variant angina pectoris,Stable Angina AND Unstable Angina,,['efi AND Lauren_codelist'],eFI2 SNOMED CT 0.24 Renamed ConditionsPowerQuery_separateOut.csv AND snomed_for_LW_codelist_using_Pieta_powerQuery_separateOut.csv
239,89323001,3951991000006119,1,^ESCTAN395199,NA,"Angina, class IV",148118017,NA,32,"Angina, class IV (disorder)",Coronary Heart Disease,,['ManchesterGitHub'],coronary-heart-disease.snomed.txt
240,NA,NA,NA,NA,NA,NA,NA,NA,NA,,,,,
241,NA,NA,NA,NA,NA,NA,NA,NA,NA,,,,,
242,NA,NA,NA,NA,NA,NA,NA,NA,NA,,,,,
243,NA,NA,NA,NA,NA,NA,NA,NA,NA,,,,,
244,NA,NA,NA,NA,NA,NA,NA,NA,NA,,,,,