SnomedCTConceptId,Term,Disease,Otherinstructions,origin,Comments,,
443694000,Type II diabetes mellitus - poor control,Diabetes Mellitus,,['efi AND Lauren_codelist'],eFI2 SNOMED CT 0.24 Renamed ConditionsPowerQuery_DiabetesToSeparate AND snomed_for_LW_codelist_using_Pieta_powerQuery_DiabetesToSeparate,,
443694000,Type 2 diabetes mellitus - poor control,Diabetes Mellitus,,['efi AND Lauren_codelist'],eFI2 SNOMED CT 0.24 Renamed ConditionsPowerQuery_DiabetesToSeparate AND snomed_for_LW_codelist_using_Pieta_powerQuery_DiabetesToSeparate,,
190388001,Type II diabetes mellitus with multiple complications,Diabetes Mellitus,,['efi AND Lauren_codelist'],eFI2 SNOMED CT 0.24 Renamed ConditionsPowerQuery_DiabetesToSeparate AND snomed_for_LW_codelist_using_Pieta_powerQuery_DiabetesToSeparate,,
190388001,Type 2 diabetes mellitus with multiple complications,Diabetes Mellitus,,['efi AND Lauren_codelist'],eFI2 SNOMED CT 0.24 Renamed ConditionsPowerQuery_DiabetesToSeparate AND snomed_for_LW_codelist_using_Pieta_powerQuery_DiabetesToSeparate,,
44054006,Type II diabetes mellitus,Diabetes Mellitus,,['efi AND Lauren_codelist'],eFI2 SNOMED CT 0.24 Renamed ConditionsPowerQuery_DiabetesToSeparate AND snomed_for_LW_codelist_using_Pieta_powerQuery_DiabetesToSeparate,,
44054006,Type 2 diabetes mellitus,Diabetes Mellitus,,['efi AND Lauren_codelist'],eFI2 SNOMED CT 0.24 Renamed ConditionsPowerQuery_DiabetesToSeparate AND snomed_for_LW_codelist_using_Pieta_powerQuery_DiabetesToSeparate,,
426875007,Latent autoimmune diabetes mellitus in adult,Diabetes Mellitus,,['efi AND Lauren_codelist'],eFI2 SNOMED CT 0.24 Renamed ConditionsPowerQuery_DiabetesToSeparate AND snomed_for_LW_codelist_using_Pieta_powerQuery_DiabetesToSeparate,,
237632004,Insulin dependent diabetes mellitus with hypoglycaemic coma,Diabetes Mellitus,,['efi AND Lauren_codelist'],eFI2 SNOMED CT 0.24 Renamed ConditionsPowerQuery_DiabetesToSeparate AND snomed_for_LW_codelist_using_Pieta_powerQuery_DiabetesToSeparate,,
314771006,Type 1 diabetes mellitus with hypoglycaemic coma,Diabetes Mellitus,,['efi AND Lauren_codelist'],eFI2 SNOMED CT 0.24 Renamed ConditionsPowerQuery_DiabetesToSeparate AND snomed_for_LW_codelist_using_Pieta_powerQuery_DiabetesToSeparate,,
111552007,Insulin-dependent diabetes without complication,Diabetes Mellitus,,['efi AND Lauren_codelist'],eFI2 SNOMED CT 0.24 Renamed ConditionsPowerQuery_DiabetesToSeparate AND snomed_for_LW_codelist_using_Pieta_powerQuery_DiabetesToSeparate,,
313435000,Type I diabetes mellitus without complication,Diabetes Mellitus,,['efi AND Lauren_codelist'],eFI2 SNOMED CT 0.24 Renamed ConditionsPowerQuery_DiabetesToSeparate AND snomed_for_LW_codelist_using_Pieta_powerQuery_DiabetesToSeparate,,
313435000,Type 1 diabetes mellitus without complication,Diabetes Mellitus,,['efi AND Lauren_codelist'],eFI2 SNOMED CT 0.24 Renamed ConditionsPowerQuery_DiabetesToSeparate AND snomed_for_LW_codelist_using_Pieta_powerQuery_DiabetesToSeparate,,
190372001,Type I diabetes mellitus maturity onset,Diabetes Mellitus,,['efi AND Lauren_codelist'],eFI2 SNOMED CT 0.24 Renamed ConditionsPowerQuery_DiabetesToSeparate AND snomed_for_LW_codelist_using_Pieta_powerQuery_DiabetesToSeparate,,
190372001,Type 1 diabetes mellitus maturity onset,Diabetes Mellitus,,['efi AND Lauren_codelist'],eFI2 SNOMED CT 0.24 Renamed ConditionsPowerQuery_DiabetesToSeparate AND snomed_for_LW_codelist_using_Pieta_powerQuery_DiabetesToSeparate,,
444073006,Type I diabetes mellitus - poor control,Diabetes Mellitus,,['efi AND Lauren_codelist'],eFI2 SNOMED CT 0.24 Renamed ConditionsPowerQuery_DiabetesToSeparate AND snomed_for_LW_codelist_using_Pieta_powerQuery_DiabetesToSeparate,,
444073006,Type 1 diabetes mellitus - poor control,Diabetes Mellitus,,['efi AND Lauren_codelist'],eFI2 SNOMED CT 0.24 Renamed ConditionsPowerQuery_DiabetesToSeparate AND snomed_for_LW_codelist_using_Pieta_powerQuery_DiabetesToSeparate,,
11530004,Unstable insulin dependent diabetes mellitus,Diabetes Mellitus,,['efi AND Lauren_codelist'],eFI2 SNOMED CT 0.24 Renamed ConditionsPowerQuery_DiabetesToSeparate AND snomed_for_LW_codelist_using_Pieta_powerQuery_DiabetesToSeparate,,
290002008,Unstable type I diabetes mellitus,Diabetes Mellitus,,['efi AND Lauren_codelist'],eFI2 SNOMED CT 0.24 Renamed ConditionsPowerQuery_DiabetesToSeparate AND snomed_for_LW_codelist_using_Pieta_powerQuery_DiabetesToSeparate,,
290002008,Unstable type 1 diabetes mellitus,Diabetes Mellitus,,['efi AND Lauren_codelist'],eFI2 SNOMED CT 0.24 Renamed ConditionsPowerQuery_DiabetesToSeparate AND snomed_for_LW_codelist_using_Pieta_powerQuery_DiabetesToSeparate,,
73211009,Insulin dependent diabetes mellitus,Diabetes Mellitus,,['efi AND Lauren_codelist'],eFI2 SNOMED CT 0.24 Renamed ConditionsPowerQuery_DiabetesToSeparate AND snomed_for_LW_codelist_using_Pieta_powerQuery_DiabetesToSeparate,,
46635009,Type I diabetes mellitus,Diabetes Mellitus,,['efi AND Lauren_codelist'],eFI2 SNOMED CT 0.24 Renamed ConditionsPowerQuery_DiabetesToSeparate AND snomed_for_LW_codelist_using_Pieta_powerQuery_DiabetesToSeparate,,
46635009,Type 1 diabetes mellitus,Diabetes Mellitus,,['efi AND Lauren_codelist'],eFI2 SNOMED CT 0.24 Renamed ConditionsPowerQuery_DiabetesToSeparate AND snomed_for_LW_codelist_using_Pieta_powerQuery_DiabetesToSeparate,,
237604008,Maturity onset diabetes in youth type 2,Diabetes Mellitus,,['efi AND Lauren_codelist'],eFI2 SNOMED CT 0.24 Renamed ConditionsPowerQuery_DiabetesToSeparate AND snomed_for_LW_codelist_using_Pieta_powerQuery_DiabetesToSeparate,,
609562003,Maturity onset diabetes in youth type 1,Diabetes Mellitus,,['efi AND Lauren_codelist'],eFI2 SNOMED CT 0.24 Renamed ConditionsPowerQuery_DiabetesToSeparate AND snomed_for_LW_codelist_using_Pieta_powerQuery_DiabetesToSeparate,,
609561005,Maturity onset diabetes in youth,Diabetes Mellitus,,['efi AND Lauren_codelist'],eFI2 SNOMED CT 0.24 Renamed ConditionsPowerQuery_DiabetesToSeparate AND snomed_for_LW_codelist_using_Pieta_powerQuery_DiabetesToSeparate,,
609561005,Diabetes mellitus autosomal dominant,Diabetes Mellitus,,['efi AND Lauren_codelist'],eFI2 SNOMED CT 0.24 Renamed ConditionsPowerQuery_DiabetesToSeparate AND snomed_for_LW_codelist_using_Pieta_powerQuery_DiabetesToSeparate,,
190406000,Malnutrition-related diabetes mellitus with ketoacidosis,Diabetes Mellitus,,['efi AND Lauren_codelist'],eFI2 SNOMED CT 0.24 Renamed ConditionsPowerQuery_DiabetesToSeparate AND snomed_for_LW_codelist_using_Pieta_powerQuery_DiabetesToSeparate,,
237599002,Insulin treated non-insulin dependent diabetes mellitus,Diabetes Mellitus,,['efi AND Lauren_codelist'],eFI2 SNOMED CT 0.24 Renamed ConditionsPowerQuery_DiabetesToSeparate AND snomed_for_LW_codelist_using_Pieta_powerQuery_DiabetesToSeparate,,
237599002,Insulin treated Type 2 diabetes mellitus,Diabetes Mellitus,,['efi AND Lauren_codelist'],eFI2 SNOMED CT 0.24 Renamed ConditionsPowerQuery_DiabetesToSeparate AND snomed_for_LW_codelist_using_Pieta_powerQuery_DiabetesToSeparate,,
313436004,Non-insulin-dependent diabetes mellitus without complication,Diabetes Mellitus,,['efi AND Lauren_codelist'],eFI2 SNOMED CT 0.24 Renamed ConditionsPowerQuery_DiabetesToSeparate AND snomed_for_LW_codelist_using_Pieta_powerQuery_DiabetesToSeparate,,
44054006,NIDDM - Non-insulin dependent diabetes mellitus,Diabetes Mellitus,,['efi AND Lauren_codelist'],eFI2 SNOMED CT 0.24 Renamed ConditionsPowerQuery_DiabetesToSeparate AND snomed_for_LW_codelist_using_Pieta_powerQuery_DiabetesToSeparate,,
385041000000108,Unspecified diabetes mellitus with multiple complications,Diabetes Mellitus,,['efi AND Lauren_codelist'],eFI2 SNOMED CT 0.24 Renamed ConditionsPowerQuery_DiabetesToSeparate AND snomed_for_LW_codelist_using_Pieta_powerQuery_DiabetesToSeparate,,
111552007,Insulin-dependent diabetes without complication,Diabetes Mellitus,,['efi AND Lauren_codelist'],eFI2 SNOMED CT 0.24 Renamed ConditionsPowerQuery_DiabetesToSeparate AND snomed_for_LW_codelist_using_Pieta_powerQuery_DiabetesToSeparate,,
11530004,Unstable insulin dependent diabetes mellitus,Diabetes Mellitus,,['efi AND Lauren_codelist'],eFI2 SNOMED CT 0.24 Renamed ConditionsPowerQuery_DiabetesToSeparate AND snomed_for_LW_codelist_using_Pieta_powerQuery_DiabetesToSeparate,,
420422005,Diabetes mellitus NOS with ketoacidotic coma,Diabetes Mellitus,,['efi AND Lauren_codelist'],eFI2 SNOMED CT 0.24 Renamed ConditionsPowerQuery_DiabetesToSeparate AND snomed_for_LW_codelist_using_Pieta_powerQuery_DiabetesToSeparate,,
420662003,Other specified diabetes mellitus with coma,Diabetes Mellitus,,['efi AND Lauren_codelist'],eFI2 SNOMED CT 0.24 Renamed ConditionsPowerQuery_DiabetesToSeparate AND snomed_for_LW_codelist_using_Pieta_powerQuery_DiabetesToSeparate,,
422126006,Diabetes mellitus NOS with hyperosmolar coma,Diabetes Mellitus,,['efi AND Lauren_codelist'],eFI2 SNOMED CT 0.24 Renamed ConditionsPowerQuery_DiabetesToSeparate AND snomed_for_LW_codelist_using_Pieta_powerQuery_DiabetesToSeparate,,
190331003,"Diabetes mellitus, adult onset, with hyperosmolar coma",Diabetes Mellitus,,['efi AND Lauren_codelist'],eFI2 SNOMED CT 0.24 Renamed ConditionsPowerQuery_DiabetesToSeparate AND snomed_for_LW_codelist_using_Pieta_powerQuery_DiabetesToSeparate,,
190330002,"Diabetes mellitus, juvenile type, with hyperosmolar coma",Diabetes Mellitus,,['efi AND Lauren_codelist'],eFI2 SNOMED CT 0.24 Renamed ConditionsPowerQuery_DiabetesToSeparate AND snomed_for_LW_codelist_using_Pieta_powerQuery_DiabetesToSeparate,,
422126006,Diabetes mellitus with hyperosmolar coma,Diabetes Mellitus,,['efi AND Lauren_codelist'],eFI2 SNOMED CT 0.24 Renamed ConditionsPowerQuery_DiabetesToSeparate AND snomed_for_LW_codelist_using_Pieta_powerQuery_DiabetesToSeparate,,
420422005,Diabetes mellitus NOS with ketoacidosis,Diabetes Mellitus,,['efi AND Lauren_codelist'],eFI2 SNOMED CT 0.24 Renamed ConditionsPowerQuery_DiabetesToSeparate AND snomed_for_LW_codelist_using_Pieta_powerQuery_DiabetesToSeparate,,
420422005,Other specified diabetes mellitus with ketoacidosis,Diabetes Mellitus,,['efi AND Lauren_codelist'],eFI2 SNOMED CT 0.24 Renamed ConditionsPowerQuery_DiabetesToSeparate AND snomed_for_LW_codelist_using_Pieta_powerQuery_DiabetesToSeparate,,
420422005,Diabetes mellitus with ketoacidosis,Diabetes Mellitus,,['efi AND Lauren_codelist'],eFI2 SNOMED CT 0.24 Renamed ConditionsPowerQuery_DiabetesToSeparate AND snomed_for_LW_codelist_using_Pieta_powerQuery_DiabetesToSeparate,,
111552007,Diabetes mellitus NOS with no mention of complication,Diabetes Mellitus,,['efi AND Lauren_codelist'],eFI2 SNOMED CT 0.24 Renamed ConditionsPowerQuery_DiabetesToSeparate AND snomed_for_LW_codelist_using_Pieta_powerQuery_DiabetesToSeparate,,
44054006,Non-insulin dependent diabetes mellitus,Diabetes Mellitus,,['efi AND Lauren_codelist'],eFI2 SNOMED CT 0.24 Renamed ConditionsPowerQuery_DiabetesToSeparate AND snomed_for_LW_codelist_using_Pieta_powerQuery_DiabetesToSeparate,,
73211009,Insulin dependent diabetes mellitus,Diabetes Mellitus,,['efi AND Lauren_codelist'],eFI2 SNOMED CT 0.24 Renamed ConditionsPowerQuery_DiabetesToSeparate AND snomed_for_LW_codelist_using_Pieta_powerQuery_DiabetesToSeparate,,
313435000,"Diabetes mellitus, juvenile type, no mention of complication",Diabetes Mellitus,,['efi AND Lauren_codelist'],eFI2 SNOMED CT 0.24 Renamed ConditionsPowerQuery_DiabetesToSeparate AND snomed_for_LW_codelist_using_Pieta_powerQuery_DiabetesToSeparate,,
111552007,Diabetes mellitus with no mention of complication,Diabetes Mellitus,,['efi AND Lauren_codelist'],eFI2 SNOMED CT 0.24 Renamed ConditionsPowerQuery_DiabetesToSeparate AND snomed_for_LW_codelist_using_Pieta_powerQuery_DiabetesToSeparate,,
73211009,Diabetes mellitus,Diabetes Mellitus,,['efi AND Lauren_codelist'],eFI2 SNOMED CT 0.24 Renamed ConditionsPowerQuery_DiabetesToSeparate AND snomed_for_LW_codelist_using_Pieta_powerQuery_DiabetesToSeparate,,
314194001,Diabetic on insulin and oral treatment,Diabetes Mellitus,,['efi AND Lauren_codelist'],eFI2 SNOMED CT 0.24 Renamed ConditionsPowerQuery_DiabetesToSeparate AND snomed_for_LW_codelist_using_Pieta_powerQuery_DiabetesToSeparate,,
527691000000107,Diabetic on subcutaneous treatment,Diabetes Mellitus,,['efi AND Lauren_codelist'],eFI2 SNOMED CT 0.24 Renamed ConditionsPowerQuery_DiabetesToSeparate AND snomed_for_LW_codelist_using_Pieta_powerQuery_DiabetesToSeparate,,
170770003,Diabetic-uncooperative patient,Diabetes Mellitus,,['efi AND Lauren_codelist'],eFI2 SNOMED CT 0.24 Renamed ConditionsPowerQuery_DiabetesToSeparate AND snomed_for_LW_codelist_using_Pieta_powerQuery_DiabetesToSeparate,,
170769004,Diabetic - cooperative patient,Diabetes Mellitus,,['efi AND Lauren_codelist'],eFI2 SNOMED CT 0.24 Renamed ConditionsPowerQuery_DiabetesToSeparate AND snomed_for_LW_codelist_using_Pieta_powerQuery_DiabetesToSeparate,,
268519009,Diabetic - poor control NOS,Diabetes Mellitus,,['efi AND Lauren_codelist'],eFI2 SNOMED CT 0.24 Renamed ConditionsPowerQuery_DiabetesToSeparate AND snomed_for_LW_codelist_using_Pieta_powerQuery_DiabetesToSeparate,,
11530004,Brittle diabetes,Diabetes Mellitus,,['efi AND Lauren_codelist'],eFI2 SNOMED CT 0.24 Renamed ConditionsPowerQuery_DiabetesToSeparate AND snomed_for_LW_codelist_using_Pieta_powerQuery_DiabetesToSeparate,,
11530004,Unstable diabetes,Diabetes Mellitus,,['efi AND Lauren_codelist'],eFI2 SNOMED CT 0.24 Renamed ConditionsPowerQuery_DiabetesToSeparate AND snomed_for_LW_codelist_using_Pieta_powerQuery_DiabetesToSeparate,,
268519009,Diabetic - poor control,Diabetes Mellitus,,['efi AND Lauren_codelist'],eFI2 SNOMED CT 0.24 Renamed ConditionsPowerQuery_DiabetesToSeparate AND snomed_for_LW_codelist_using_Pieta_powerQuery_DiabetesToSeparate,,
170747006,Diabetic on insulin,Diabetes Mellitus,,['efi AND Lauren_codelist'],eFI2 SNOMED CT 0.24 Renamed ConditionsPowerQuery_DiabetesToSeparate AND snomed_for_LW_codelist_using_Pieta_powerQuery_DiabetesToSeparate,,
170746002,Diabetic on oral treatment,Diabetes Mellitus,,['efi AND Lauren_codelist'],eFI2 SNOMED CT 0.24 Renamed ConditionsPowerQuery_DiabetesToSeparate AND snomed_for_LW_codelist_using_Pieta_powerQuery_DiabetesToSeparate,,
170745003,Diabetic on diet only,Diabetes Mellitus,,['efi AND Lauren_codelist'],eFI2 SNOMED CT 0.24 Renamed ConditionsPowerQuery_DiabetesToSeparate AND snomed_for_LW_codelist_using_Pieta_powerQuery_DiabetesToSeparate,,
385051000000106,"Pre-existing diabetes mellitus, unspecified",Diabetes Mellitus,,['efi AND Lauren_codelist'],eFI2 SNOMED CT 0.24 Renamed ConditionsPowerQuery_DiabetesToSeparate AND snomed_for_LW_codelist_using_Pieta_powerQuery_DiabetesToSeparate,,
199231005,Pre-existing malnutrition-related diabetes mellitus,Diabetes Mellitus,,['efi AND Lauren_codelist'],eFI2 SNOMED CT 0.24 Renamed ConditionsPowerQuery_DiabetesToSeparate AND snomed_for_LW_codelist_using_Pieta_powerQuery_DiabetesToSeparate,,
199230006,"Pre-existing diabetes mellitus, non-insulin-dependent",Diabetes Mellitus,,['efi AND Lauren_codelist'],eFI2 SNOMED CT 0.24 Renamed ConditionsPowerQuery_DiabetesToSeparate AND snomed_for_LW_codelist_using_Pieta_powerQuery_DiabetesToSeparate,,
385051000000106,"Pre-existing diabetes mellitus, insulin-dependent",Diabetes Mellitus,,['efi AND Lauren_codelist'],eFI2 SNOMED CT 0.24 Renamed ConditionsPowerQuery_DiabetesToSeparate AND snomed_for_LW_codelist_using_Pieta_powerQuery_DiabetesToSeparate,,
74627003,Diabetes mellitus NOS with unspecified complication,Diabetes Mellitus,,['efi AND Lauren_codelist'],eFI2 SNOMED CT 0.24 Renamed ConditionsPowerQuery_DiabetesToSeparate AND snomed_for_LW_codelist_using_Pieta_powerQuery_DiabetesToSeparate,,
74627003,Diabetes mellitus with unspecified complication,Diabetes Mellitus,,['efi AND Lauren_codelist'],eFI2 SNOMED CT 0.24 Renamed ConditionsPowerQuery_DiabetesToSeparate AND snomed_for_LW_codelist_using_Pieta_powerQuery_DiabetesToSeparate,,
73211009,Diabetes mellitus NOS with other specified manifestation,Diabetes Mellitus,,['efi AND Lauren_codelist'],eFI2 SNOMED CT 0.24 Renamed ConditionsPowerQuery_DiabetesToSeparate AND snomed_for_LW_codelist_using_Pieta_powerQuery_DiabetesToSeparate,,
74627003,Diabetes mellitus with other specified manifestation,Diabetes Mellitus,,['efi AND Lauren_codelist'],eFI2 SNOMED CT 0.24 Renamed ConditionsPowerQuery_DiabetesToSeparate AND snomed_for_LW_codelist_using_Pieta_powerQuery_DiabetesToSeparate,,
8801005,Secondary diabetes mellitus without complication,Diabetes Mellitus,,['efi AND Lauren_codelist'],eFI2 SNOMED CT 0.24 Renamed ConditionsPowerQuery_DiabetesToSeparate AND snomed_for_LW_codelist_using_Pieta_powerQuery_DiabetesToSeparate,,
8801005,Secondary diabetes mellitus,Diabetes Mellitus,,['efi AND Lauren_codelist'],eFI2 SNOMED CT 0.24 Renamed ConditionsPowerQuery_DiabetesToSeparate AND snomed_for_LW_codelist_using_Pieta_powerQuery_DiabetesToSeparate,,
51002006,Secondary pancreatic diabetes mellitus,Diabetes Mellitus,,['efi AND Lauren_codelist'],eFI2 SNOMED CT 0.24 Renamed ConditionsPowerQuery_DiabetesToSeparate AND snomed_for_LW_codelist_using_Pieta_powerQuery_DiabetesToSeparate,,
237599002,Insulin treated Type II diabetes mellitus,Diabetes Mellitus,,['efi AND Lauren_codelist'],eFI2 SNOMED CT 0.24 Renamed ConditionsPowerQuery_DiabetesToSeparate AND snomed_for_LW_codelist_using_Pieta_powerQuery_DiabetesToSeparate,,
719216001,Type II diabetes mellitus with hypoglycaemic coma,Diabetes Mellitus,,['efi AND Lauren_codelist'],eFI2 SNOMED CT 0.24 Renamed ConditionsPowerQuery_DiabetesToSeparate AND snomed_for_LW_codelist_using_Pieta_powerQuery_DiabetesToSeparate,,
719216001,Type 2 diabetes mellitus with hypoglycaemic coma,Diabetes Mellitus,,['efi AND Lauren_codelist'],eFI2 SNOMED CT 0.24 Renamed ConditionsPowerQuery_DiabetesToSeparate AND snomed_for_LW_codelist_using_Pieta_powerQuery_DiabetesToSeparate,,
313436004,Type II diabetes mellitus without complication,Diabetes Mellitus,,['efi AND Lauren_codelist'],eFI2 SNOMED CT 0.24 Renamed ConditionsPowerQuery_DiabetesToSeparate AND snomed_for_LW_codelist_using_Pieta_powerQuery_DiabetesToSeparate,,
313436004,Type 2 diabetes mellitus without complication,Diabetes Mellitus,,['efi AND Lauren_codelist'],eFI2 SNOMED CT 0.24 Renamed ConditionsPowerQuery_DiabetesToSeparate AND snomed_for_LW_codelist_using_Pieta_powerQuery_DiabetesToSeparate,,
444094009,Diabetic child,Diabetes Mellitus,,['Lauren_codelist'],snomed_for_LW_codelist_using_Pieta_powerQuery_DiabetesToSeparate,,
165681007,hb. a1c > 10% - bad control,Diabetes Mellitus,,['efi'],eFI2 SNOMED CT 0.24 Renamed ConditionsPowerQuery_DiabetesToSeparate,,
365845005,hba1 - diabetic control,Diabetes Mellitus,,['efi'],eFI2 SNOMED CT 0.24 Renamed ConditionsPowerQuery_DiabetesToSeparate,,
166928007,glucose tol. test diabetic,Diabetes Mellitus,,['efi'],eFI2 SNOMED CT 0.24 Renamed ConditionsPowerQuery_DiabetesToSeparate,,
170742000,Diabetic monitoring,Diabetes Mellitus,,['efi'],eFI2 SNOMED CT 0.24 Renamed ConditionsPowerQuery_DiabetesToSeparate,,
170743005,initial diabetic assessment,Diabetes Mellitus,,['efi'],eFI2 SNOMED CT 0.24 Renamed ConditionsPowerQuery_DiabetesToSeparate,,
170744004,follow-up diabetic assessment,Diabetes Mellitus,,['efi'],eFI2 SNOMED CT 0.24 Renamed ConditionsPowerQuery_DiabetesToSeparate,,
268517006,injection sites - diabetic,Diabetes Mellitus,,['efi'],eFI2 SNOMED CT 0.24 Renamed ConditionsPowerQuery_DiabetesToSeparate,,
170760000,diabetic drug side effects,Diabetes Mellitus,,['efi'],eFI2 SNOMED CT 0.24 Renamed ConditionsPowerQuery_DiabetesToSeparate,,
170761001,diabetic treatment changed,Diabetes Mellitus,,['efi'],eFI2 SNOMED CT 0.24 Renamed ConditionsPowerQuery_DiabetesToSeparate,,
170762008,Conversion to insulin,Diabetes Mellitus,,['efi'],eFI2 SNOMED CT 0.24 Renamed ConditionsPowerQuery_DiabetesToSeparate,,
876381000000100,conversion to insulin by diabetes specialist nurse,Diabetes Mellitus,,['efi'],eFI2 SNOMED CT 0.24 Renamed ConditionsPowerQuery_DiabetesToSeparate,,
170763003,diabetic - good control,Diabetes Mellitus,,['efi'],eFI2 SNOMED CT 0.24 Renamed ConditionsPowerQuery_DiabetesToSeparate,,
170771004,diabetic - follow-up default,Diabetes Mellitus,,['efi'],eFI2 SNOMED CT 0.24 Renamed ConditionsPowerQuery_DiabetesToSeparate,,
170772006,date diabetic treatment start,Diabetes Mellitus,,['efi'],eFI2 SNOMED CT 0.24 Renamed ConditionsPowerQuery_DiabetesToSeparate,,
170773001,date diabetic treatment stopp.,Diabetes Mellitus,,['efi'],eFI2 SNOMED CT 0.24 Renamed ConditionsPowerQuery_DiabetesToSeparate,,
170774007,diabetes: practice programme,Diabetes Mellitus,,['efi'],eFI2 SNOMED CT 0.24 Renamed ConditionsPowerQuery_DiabetesToSeparate,,
170775008,diabetes: shared care programme,Diabetes Mellitus,,['efi'],eFI2 SNOMED CT 0.24 Renamed ConditionsPowerQuery_DiabetesToSeparate,,
512561000000108,unsuitable for diabetes year of care programme,Diabetes Mellitus,,['efi'],eFI2 SNOMED CT 0.24 Renamed ConditionsPowerQuery_DiabetesToSeparate,,
512581000000104,declined consent for diabetes year of care programme,Diabetes Mellitus,,['efi'],eFI2 SNOMED CT 0.24 Renamed ConditionsPowerQuery_DiabetesToSeparate,,
170777000,Diabetic annual review,Diabetes Mellitus,,['efi'],eFI2 SNOMED CT 0.24 Renamed ConditionsPowerQuery_DiabetesToSeparate,,
170778005,annual diabetic blood test,Diabetes Mellitus,,['efi'],eFI2 SNOMED CT 0.24 Renamed ConditionsPowerQuery_DiabetesToSeparate,,
243860001,diabetes care by hospital only,Diabetes Mellitus,,['efi'],eFI2 SNOMED CT 0.24 Renamed ConditionsPowerQuery_DiabetesToSeparate,,
279291000000109,diabetes type 1 review,Diabetes Mellitus,,['efi'],eFI2 SNOMED CT 0.24 Renamed ConditionsPowerQuery_DiabetesToSeparate,,
279321000000104,diabetes type 2 review,Diabetes Mellitus,,['efi'],eFI2 SNOMED CT 0.24 Renamed ConditionsPowerQuery_DiabetesToSeparate,,
754101000000103,type i diabetic dietary review,Diabetes Mellitus,,['efi'],eFI2 SNOMED CT 0.24 Renamed ConditionsPowerQuery_DiabetesToSeparate,,
754121000000107,type ii diabetic dietary review,Diabetes Mellitus,,['efi'],eFI2 SNOMED CT 0.24 Renamed ConditionsPowerQuery_DiabetesToSeparate,,
928851000000109,enquiry about diabetic erectile dysfunction declined,Diabetes Mellitus,,['efi'],eFI2 SNOMED CT 0.24 Renamed ConditionsPowerQuery_DiabetesToSeparate,,
719566006,diabetic on non-insulin injectable medication,Diabetes Mellitus,,['efi'],eFI2 SNOMED CT 0.24 Renamed ConditionsPowerQuery_DiabetesToSeparate,,
976341000000101,diabetic on oral treatment and glucagon-like peptide 1,Diabetes Mellitus,,['efi'],eFI2 SNOMED CT 0.24 Renamed ConditionsPowerQuery_DiabetesToSeparate,,
700414001,advice about diabetes and driving,Diabetes Mellitus,,['efi'],eFI2 SNOMED CT 0.24 Renamed ConditionsPowerQuery_DiabetesToSeparate,,
829521000000104,provision of diabetes clinical summary,Diabetes Mellitus,,['efi'],eFI2 SNOMED CT 0.24 Renamed ConditionsPowerQuery_DiabetesToSeparate,,
394684000,pre-conception advice for diabetes mellitus,Diabetes Mellitus,,['efi'],eFI2 SNOMED CT 0.24 Renamed ConditionsPowerQuery_DiabetesToSeparate,,
315287002,diab mellit insulin-glucose infus acute myocardial infarct,Diabetes Mellitus,,['efi'],eFI2 SNOMED CT 0.24 Renamed ConditionsPowerQuery_DiabetesToSeparate,,
182781000,diabetic stabilisation,Diabetes Mellitus,,['efi'],eFI2 SNOMED CT 0.24 Renamed ConditionsPowerQuery_DiabetesToSeparate,,
407569005,patient on maximal tolerated therapy for diabetes,Diabetes Mellitus,,['efi'],eFI2 SNOMED CT 0.24 Renamed ConditionsPowerQuery_DiabetesToSeparate,,
183097007,diabetic leaflet given,Diabetes Mellitus,,['efi'],eFI2 SNOMED CT 0.24 Renamed ConditionsPowerQuery_DiabetesToSeparate,,
851501000000106,diabetes clinical pathway,Diabetes Mellitus,,['efi'],eFI2 SNOMED CT 0.24 Renamed ConditionsPowerQuery_DiabetesToSeparate,,
415744000,transition of diabetes care options discussed,Diabetes Mellitus,,['efi'],eFI2 SNOMED CT 0.24 Renamed ConditionsPowerQuery_DiabetesToSeparate,,
183472000,admit diabetic emergency,Diabetes Mellitus,,['efi'],eFI2 SNOMED CT 0.24 Renamed ConditionsPowerQuery_DiabetesToSeparate,,
183506001,non-urgent diabetic admission,Diabetes Mellitus,,['efi'],eFI2 SNOMED CT 0.24 Renamed ConditionsPowerQuery_DiabetesToSeparate,,
183722003,diabetology d.v. requested,Diabetes Mellitus,,['efi'],eFI2 SNOMED CT 0.24 Renamed ConditionsPowerQuery_DiabetesToSeparate,,
183751004,diabetology d.v. done,Diabetes Mellitus,,['efi'],eFI2 SNOMED CT 0.24 Renamed ConditionsPowerQuery_DiabetesToSeparate,,
183781007,listed for diabetology admissn,Diabetes Mellitus,,['efi'],eFI2 SNOMED CT 0.24 Renamed ConditionsPowerQuery_DiabetesToSeparate,,
494961000000102,discharged from diabetes shared care programme,Diabetes Mellitus,,['efi'],eFI2 SNOMED CT 0.24 Renamed ConditionsPowerQuery_DiabetesToSeparate,,
927821000000100,discharge from secondary care diabetes service,Diabetes Mellitus,,['efi'],eFI2 SNOMED CT 0.24 Renamed ConditionsPowerQuery_DiabetesToSeparate,,
416135000,patient held diabetic record declined,Diabetes Mellitus,,['efi'],eFI2 SNOMED CT 0.24 Renamed ConditionsPowerQuery_DiabetesToSeparate,,
763782001,patient held diabetic record declined,Diabetes Mellitus,,['efi'],eFI2 SNOMED CT 0.24 Renamed ConditionsPowerQuery_DiabetesToSeparate,,
932321000000105,diabetes key contact,Diabetes Mellitus,,['efi'],eFI2 SNOMED CT 0.24 Renamed ConditionsPowerQuery_DiabetesToSeparate,,
408290003,diabetes key contact,Diabetes Mellitus,,['efi'],eFI2 SNOMED CT 0.24 Renamed ConditionsPowerQuery_DiabetesToSeparate,,
408405001,patient held diabetic record issued,Diabetes Mellitus,,['efi'],eFI2 SNOMED CT 0.24 Renamed ConditionsPowerQuery_DiabetesToSeparate,,
202151000000105,patient consent given for addition to diabetic register,Diabetes Mellitus,,['efi'],eFI2 SNOMED CT 0.24 Renamed ConditionsPowerQuery_DiabetesToSeparate,,
416554009,seen in community diabetes specialist clinic,Diabetes Mellitus,,['efi'],eFI2 SNOMED CT 0.24 Renamed ConditionsPowerQuery_DiabetesToSeparate,,
185229005,seen in diabetic clinic,Diabetes Mellitus,,['efi'],eFI2 SNOMED CT 0.24 Renamed ConditionsPowerQuery_DiabetesToSeparate,,
407672007,seen in diabetic foot clinic,Diabetes Mellitus,,['efi'],eFI2 SNOMED CT 0.24 Renamed ConditionsPowerQuery_DiabetesToSeparate,,
198841000000104,seen in multidisciplinary diabetic clinic,Diabetes Mellitus,,['efi'],eFI2 SNOMED CT 0.24 Renamed ConditionsPowerQuery_DiabetesToSeparate,,
312888008,attending diabetes clinic,Diabetes Mellitus,,['efi'],eFI2 SNOMED CT 0.24 Renamed ConditionsPowerQuery_DiabetesToSeparate,,
408391001,under care of diabetologist,Diabetes Mellitus,,['efi'],eFI2 SNOMED CT 0.24 Renamed ConditionsPowerQuery_DiabetesToSeparate,,
300641000000105,seen by general practitioner special interest in diabetes,Diabetes Mellitus,,['efi'],eFI2 SNOMED CT 0.24 Renamed ConditionsPowerQuery_DiabetesToSeparate,,
713671000000109,diabetes clinic administration,Diabetes Mellitus,,['efi'],eFI2 SNOMED CT 0.24 Renamed ConditionsPowerQuery_DiabetesToSeparate,,
713691000000108,diabetes clinic administration,Diabetes Mellitus,,['efi'],eFI2 SNOMED CT 0.24 Renamed ConditionsPowerQuery_DiabetesToSeparate,,
185753003,Attends diabetes monitoring,Diabetes Mellitus,,['efi'],eFI2 SNOMED CT 0.24 Renamed ConditionsPowerQuery_DiabetesToSeparate,,
408475000,diabetic medicine,Diabetes Mellitus,,['efi'],eFI2 SNOMED CT 0.24 Renamed ConditionsPowerQuery_DiabetesToSeparate,,
420270002,Type 1 diabetes mellitus with ketoacidosis,Diabetes Mellitus,,['efi'],eFI2 SNOMED CT 0.24 Renamed ConditionsPowerQuery_DiabetesToSeparate,,
421750000,"diabetes mellitus, adult onset, with ketoacidosis",Diabetes Mellitus,,['efi'],eFI2 SNOMED CT 0.24 Renamed ConditionsPowerQuery_DiabetesToSeparate,,
310505005,Diabetes mellitus with hyperosmolar coma,Diabetes Mellitus,,['efi'],eFI2 SNOMED CT 0.24 Renamed ConditionsPowerQuery_DiabetesToSeparate,,
26298008,Diabetes mellitus with ketoacidotic coma,Diabetes Mellitus,,['efi'],eFI2 SNOMED CT 0.24 Renamed ConditionsPowerQuery_DiabetesToSeparate,,
421075007,Type 1 diabetes mellitus with ketoacidotic coma,Diabetes Mellitus,,['efi'],eFI2 SNOMED CT 0.24 Renamed ConditionsPowerQuery_DiabetesToSeparate,,
421847006,Type II diabetes mellitus with ketoacidotic coma,Diabetes Mellitus,,['efi'],eFI2 SNOMED CT 0.24 Renamed ConditionsPowerQuery_DiabetesToSeparate,,
422228004,Type I diabetes mellitus with multiple complications,Diabetes Mellitus,,['efi'],eFI2 SNOMED CT 0.24 Renamed ConditionsPowerQuery_DiabetesToSeparate,,
395204000,hyperosmolar non-ketotic state in type 2 diabetes mellitus,Diabetes Mellitus,,['efi'],eFI2 SNOMED CT 0.24 Renamed ConditionsPowerQuery_DiabetesToSeparate,,
75524006,malnutrition-related diabetes mellitus,Diabetes Mellitus,,['efi'],eFI2 SNOMED CT 0.24 Renamed ConditionsPowerQuery_DiabetesToSeparate,,
420996007,malnutrition-related diabetes mellitus with coma,Diabetes Mellitus,,['efi'],eFI2 SNOMED CT 0.24 Renamed ConditionsPowerQuery_DiabetesToSeparate,,
190447002,diabetes mellitus induced by steroids,Diabetes Mellitus,,['efi'],eFI2 SNOMED CT 0.24 Renamed ConditionsPowerQuery_DiabetesToSeparate,,
190416008,Steroid-induced diabetes mellitus without complication,Diabetes Mellitus,,['efi'],eFI2 SNOMED CT 0.24 Renamed ConditionsPowerQuery_DiabetesToSeparate,,
335621000000101,maternally inherited diabetes mellitus,Diabetes Mellitus,,['efi'],eFI2 SNOMED CT 0.24 Renamed ConditionsPowerQuery_DiabetesToSeparate,,
408540003,diabetes mellitus induced by non-steroid drugs,Diabetes Mellitus,,['efi'],eFI2 SNOMED CT 0.24 Renamed ConditionsPowerQuery_DiabetesToSeparate,,
127012008,lipoatrophic diabetes mellitus,Diabetes Mellitus,,['efi'],eFI2 SNOMED CT 0.24 Renamed ConditionsPowerQuery_DiabetesToSeparate,,
703136005,diabetes mellitus in remission,Diabetes Mellitus,,['efi'],eFI2 SNOMED CT 0.24 Renamed ConditionsPowerQuery_DiabetesToSeparate,,
703137001,type i diabetes mellitus in remission,Diabetes Mellitus,,['efi'],eFI2 SNOMED CT 0.24 Renamed ConditionsPowerQuery_DiabetesToSeparate,,
703138006,type ii diabetes mellitus in remission,Diabetes Mellitus,,['efi'],eFI2 SNOMED CT 0.24 Renamed ConditionsPowerQuery_DiabetesToSeparate,,
420868002,"diabetes mellitus, juvenile type, + unspecified complication",Diabetes Mellitus,,['efi'],eFI2 SNOMED CT 0.24 Renamed ConditionsPowerQuery_DiabetesToSeparate,,
422014003,"diabetes mellitus, adult onset, + unspecified complication",Diabetes Mellitus,,['efi'],eFI2 SNOMED CT 0.24 Renamed ConditionsPowerQuery_DiabetesToSeparate,,
199223000,diabetes mellitus during pregnancy/childbirth/puerperium,Diabetes Mellitus,,['efi'],eFI2 SNOMED CT 0.24 Renamed ConditionsPowerQuery_DiabetesToSeparate,,
199225007,diabetes mellitus during pregnancy - baby delivered,Diabetes Mellitus,,['efi'],eFI2 SNOMED CT 0.24 Renamed ConditionsPowerQuery_DiabetesToSeparate,,
199227004,diabetes mellitus during pregnancy - baby not yet delivered,Diabetes Mellitus,,['efi'],eFI2 SNOMED CT 0.24 Renamed ConditionsPowerQuery_DiabetesToSeparate,,
199228009,diabetes mellitus in pueperium - baby previously delivered,Diabetes Mellitus,,['efi'],eFI2 SNOMED CT 0.24 Renamed ConditionsPowerQuery_DiabetesToSeparate,,
199229001,"pre-existing diabetes mellitus, insulin-dependent",Diabetes Mellitus,,['efi'],eFI2 SNOMED CT 0.24 Renamed ConditionsPowerQuery_DiabetesToSeparate,,
11687002,diabetes mellitus arising in pregnancy,Diabetes Mellitus,,['efi'],eFI2 SNOMED CT 0.24 Renamed ConditionsPowerQuery_DiabetesToSeparate,,
5969009,DM,Diabetes Mellitus,,['efi'],eFI2 SNOMED CT 0.24 Renamed ConditionsPowerQuery_DiabetesToSeparate,,
284449005,DM,Diabetes Mellitus,,['efi'],eFI2 SNOMED CT 0.24 Renamed ConditionsPowerQuery_DiabetesToSeparate,,
237618001,Insulin-dependent diabetes mellitus secretory diarrhoea synd,Diabetes Mellitus,,['efi'],eFI2 SNOMED CT 0.24 Renamed ConditionsPowerQuery_DiabetesToSeparate,,
5368009,Drug-induced  diabetes metillus,Diabetes Mellitus,,['efi'],eFI2 SNOMED CT 0.24 Renamed ConditionsPowerQuery_DiabetesToSeparate,,
75682002,DM,Diabetes Mellitus,,['efi'],eFI2 SNOMED CT 0.24 Renamed ConditionsPowerQuery_DiabetesToSeparate,,
308113006,Self-monitoring of blood glucose,Diabetes Mellitus,,['efi'],eFI2 SNOMED CT 0.24 Renamed ConditionsPowerQuery_DiabetesToSeparate,,
312856000,Referral to diabetes nurse,Diabetes Mellitus,,['efi'],eFI2 SNOMED CT 0.24 Renamed ConditionsPowerQuery_DiabetesToSeparate,,
716911000000104,Exception reporting: diabetes quality indicators,Diabetes Mellitus,,['efi'],eFI2 SNOMED CT 0.24 Renamed ConditionsPowerQuery_DiabetesToSeparate,,
717421000000100,Excepted from diabetes qual indicators: Patient unsuitable,Diabetes Mellitus,,['efi'],eFI2 SNOMED CT 0.24 Renamed ConditionsPowerQuery_DiabetesToSeparate,,
716031000000106,Excepted from diabetes quality indicators: Informed dissent,Diabetes Mellitus,,['efi'],eFI2 SNOMED CT 0.24 Renamed ConditionsPowerQuery_DiabetesToSeparate,,
412777005,Diabetes clinical management plan,Diabetes Mellitus,,['efi'],eFI2 SNOMED CT 0.24 Renamed ConditionsPowerQuery_DiabetesToSeparate,,
736284000,Diabetes clinical management plan,Diabetes Mellitus,,['efi'],eFI2 SNOMED CT 0.24 Renamed ConditionsPowerQuery_DiabetesToSeparate,,
413183008,diabetes mellitus induced by non-steroid drugs without complication,Diabetes Mellitus,,['efi'],eFI2 SNOMED CT 0.24 Renamed ConditionsPowerQuery_DiabetesToSeparate,,
198501000000100,Diabetic 6 month review,Diabetes Mellitus,,['efi'],eFI2 SNOMED CT 0.24 Renamed ConditionsPowerQuery_DiabetesToSeparate,,
426705001,DM,Diabetes Mellitus,,['efi'],eFI2 SNOMED CT 0.24 Renamed ConditionsPowerQuery_DiabetesToSeparate,,
472969004,H/O: diabetes mellitus type 2,Diabetes Mellitus,,['efi'],eFI2 SNOMED CT 0.24 Renamed ConditionsPowerQuery_DiabetesToSeparate,,
472970003,H/O: diabetes mellitus type 1,Diabetes Mellitus,,['efi'],eFI2 SNOMED CT 0.24 Renamed ConditionsPowerQuery_DiabetesToSeparate,,
609572000,DM,Diabetes Mellitus,,['efi'],eFI2 SNOMED CT 0.24 Renamed ConditionsPowerQuery_DiabetesToSeparate,,
70694009,"Diab ins,diab mell,opt at,deaf",Diabetes Mellitus,,['efi'],eFI2 SNOMED CT 0.24 Renamed ConditionsPowerQuery_DiabetesToSeparate,,
237601000,Secondary endo diab mell,Diabetes Mellitus,,['efi'],eFI2 SNOMED CT 0.24 Renamed ConditionsPowerQuery_DiabetesToSeparate,,
237613005,Hyperproinsulinemia,Diabetes Mellitus,,['efi'],eFI2 SNOMED CT 0.24 Renamed ConditionsPowerQuery_DiabetesToSeparate,,
237619009,Ballinger-Wallace syndrome,Diabetes Mellitus,,['efi'],eFI2 SNOMED CT 0.24 Renamed ConditionsPowerQuery_DiabetesToSeparate,,
421725003,IDDM with hypoglycaemic coma,Diabetes Mellitus,,['efi'],eFI2 SNOMED CT 0.24 Renamed ConditionsPowerQuery_DiabetesToSeparate,,
408539000,Insul autoim synd without comp,Diabetes Mellitus,,['efi'],eFI2 SNOMED CT 0.24 Renamed ConditionsPowerQuery_DiabetesToSeparate,,
415270003,Ref DM structured educatn prog,Diabetes Mellitus,,['efi'],eFI2 SNOMED CT 0.24 Renamed ConditionsPowerQuery_DiabetesToSeparate,,
429094000,dietary advice for type ii diabetes,Diabetes Mellitus,,['efi'],eFI2 SNOMED CT 0.24 Renamed ConditionsPowerQuery_DiabetesToSeparate,,
304752002,perceived control of insulin-dependent diabetes,Diabetes Mellitus,,['efi'],eFI2 SNOMED CT 0.24 Renamed ConditionsPowerQuery_DiabetesToSeparate,,
473208009,diabetic assessment of erectile dysfunction,Diabetes Mellitus,,['efi'],eFI2 SNOMED CT 0.24 Renamed ConditionsPowerQuery_DiabetesToSeparate,,
445353002,Brittle type II diabetes mellitus,Diabetes,,['Manchester],diabetes.snomed.txt,,DM
724276006,"X-linked immune dysregulation, polyendocrinopathy, enteropathy syndrome",Diabetes,,['Manchester],diabetes.snomed.txt,,DM
737212004,Diabetes mellitus caused by chemical,Diabetes,,['Manchester],diabetes.snomed.txt,,DM
1481000119100,Diabetes mellitus type 2 without retinopathy,Diabetes,,['Manchester],diabetes.snomed.txt,,DM
112991000000101,Lipoatrophic diabetes mellitus without complication,Diabetes,,['Manchester],diabetes.snomed.txt,,DM
23045005,Insulin dependent diabetes mellitus type IA,Diabetes,,['Manchester],diabetes.snomed.txt,,DM
28032008,Insulin dependent diabetes mellitus type IB,Diabetes,,['Manchester],diabetes.snomed.txt,,DM
28453007,Maturity onset diabetes mellitus in young (disorder),Diabetes,,['Manchester],efi-diabetes.snomed.txt,,DM
170776009,Diabetes management plan given (regime/therapy),Diabetes,,['Manchester],efi-diabetes.snomed.txt,,DM 
190323008,"Diabetes mellitus: [adult onset, with no mention of complication] or [maturity onset] or [non-insulin dependent] (disorder)",Diabetes,,['Manchester],efi-diabetes.snomed.txt,,DM   
190329007,Diabetes mellitus with hyperosmolar coma (disorder),Diabetes,,['Manchester],efi-diabetes.snomed.txt,,DM
267467004,Diabetes mellitus (& [ketoacidosis]) (disorder),Diabetes,,['Manchester],efi-diabetes.snomed.txt,,DM   
314772004,Type II diabetes mellitus with hypoglycemic coma (disorder),Diabetes,,['Manchester],efi-diabetes.snomed.txt,,DM     